id,cr,reference_en,baseline_prediction,cultural_prediction,tri_prediction,expected_translation,baseline_prediction_csi_match_score,baseline_prediction_csi_match_success
cuisine_48_hat_eng,epina,Spinach,Spinach,Spinach,Spinach,spinach|leafy greens,100.0,True
fanm_313_hat_eng,Epi li renmen Ayiti.,She loves Haiti.,And he loves Haiti.,And she loves Haiti.,And she loves Haiti.,And she loves Haiti | She loves Haiti,94.73684210526316,True
cuisine_6_hat_eng,Sitwonad,lemonade,Sitwonad,Lemonade,Citronade,lemonade | lemon drink,53.333333333333336,False
cuisine_100_hat_eng,"Yon bon kabrit nan sòs, akonpaye pa yon vè ji soursop, toujou lakòz yon sansasyon pandan yon dine ak fanmi oswa zanmi.","A good kid in sauce, accompanied by a glass of soursop juice, always makes a sensation at a dinner with family or friends.","A good goat in sauce, accompanied by a glass of soursop juice, always creates a sensation during a dinner with family or friends.","A good goat in sauce, accompanied by a glass of syrup juice, always creates a sensation during a dinner with family or friends.","A good goat in sauce, accompanied by a glass of syrup juice, always creates a sensation during a dinner with family or friends.",A delicious goat stew with soursop juice is always a hit at family or friends’ dinners | A flavorful goat dish served with soursop juice always impresses at a gathering,57.28155339805825,False
cuisine_100_hat_eng,"Yon bon kabrit nan sòs, akonpaye pa yon vè ji soursop, toujou lakòz yon sansasyon pandan yon dine ak fanmi oswa zanmi.","A good kid in sauce, accompanied by a glass of soursop juice, always makes a sensation at a dinner with family or friends.","A good goat in sauce, accompanied by a glass of soursop juice, always creates a sensation during a dinner with family or friends.","A good goat in sauce, accompanied by a glass of syrup juice, always creates a sensation during a dinner with family or friends.","A good goat in sauce, accompanied by a glass of syrup juice, always creates a sensation during a dinner with family or friends.",Haiti’s national beer brand | the national beer of Haiti,48.21428571428571,False
fanm_261_hat_eng,"bòt nan pye, kas nan tèt, pèl, pikwa, bouwèt;","boots, helmets, shovels, pickaxes, wheelbarrows ...","sandals, crests, shovels, pickups, bouquets;","Boots, helmets, beads, pickups, bouquets;","boots, helmet, pearl, pikwa, brouette;",tools of the trade | work gear,30.76923076923077,False
zile_125_hat_eng,Poutan Latibonit degoute tak Lagrandans akoukouman nan kalbas,But still the Artibonite River drips like a tap the Grandanse River curls up inside a calabash,Poutan Latibonite drip tak Lagrandans in the limestone,But Latibonite drips its tack Lagrandans under the bark of the cabbage,But the Artibonite drips its flavor into the calvary,"Even so, the Artibonite trickles while the Grandanse coils in a calabash | Still, the Artibonite drips and the Grandanse curls up small in a calabash",59.25925925925925,False
zile_130_hat_eng,toupatou kote lavi ak lanmò ap twoke kòn,everywhere life and death are locking horns,Everywhere life and death are twitching horns,Wherever life and death twist horns,Wherever life and death twist horns,everywhere life and death are in conflict | everywhere life and death are at odds,86.41975308641976,True
fanm_85_hat_eng,yo te deplase Toya pou voye li ale sou bitasyon Kolon Delije.,Toya was sent to settler Delije's dwelling .,moved Toya to send him on a biathlon to Colonel Delege.,They moved Toya to be sent on a mission to Delia.,They moved Toya to be sent on the assignment of Colonel Delije.,Toya was sent off to Delije’s plantation | Toya was moved to Delije’s estate,46.34146341463414,False
charlemagne_79_hat_eng,Li pa te danse kole avèk yo.,From Ounaminthe Charlemagne got transfered to a jail in Cap.,He was not dancing clockwise with them.,She did not dance with them.,She did not dance with them.,He wasn’t in on it. | He didn’t go along with them.,61.76470588235294,False
charlemagne_122_hat_eng,Se te nan lannuit 31 oktòb / 1 novanm 1919.,"Charlemagne died on the spot between the night of octiber 31st and november 1st, 1919.",It was in the night of 31 October / 1 November 1919.,"It was on the night of October 31st/November 1st, 1919.",It was in the night of 31 October / 1 November 1919.,"It was on the night of October 31st to November 1st, 1919. | It happened during the night of October 31st and November 1st, 1919.",83.16831683168317,True
charlemagne_58_hat_eng,"Jou sa a, se fyète nasyonal la ki te anba plant pye nou.",The pride of Haitians was at its lowest on that day.,This day is the national pride that has been under our feet.,"On that day, the national pride was under our feet.","On that day, it was the national pride that was under our feet.","National pride was at its lowest that day | That day, Haitian pride was at an all-time low",52.991452991452995,False
fanm_211_hat_eng,Leyanda sòti anba dekonm yo san yon ti blese.,Leyanda emerged from the rubble unharmed.,Legend emerged from the ruins without a slight injury.,Legend emerged from the rubble without a slight injury.,Leyanda emerged from the rubble without a slight injury.,Leyanda came out unscathed | Leyanda walked away without a scratch,46.51162790697675,False
ife_225_hat_eng,Nou te chita kotakot sou kanape a.,I was at your house sitting next to you on the love seat.,We were sitting kotakot on the sofa.,We were sitting side by side on the couch.,We were sitting side-by-side on the couch.,I was sitting close beside you on the couch | I was sitting next to you on the sofa,69.44444444444444,False
zile_151_hat_eng,Fanm pote lavi,Women carry life,Women bring life,Women bring life,Women carry life,Women bring life | Women are life-givers,100.0,True
cuisine_152_hat_eng,Resèt rapid pou bannann peze:,Quick recipe for fried plantain:,Quick recipe for banana squeeze:,Quick recipe for weighing bananas:,Quick recipe for bananas weighed:,Quick fried plantain recipe | Easy fried plantain recipe,58.18181818181818,False
ife_326_hat_eng,"Nou te rete chita arebò tab la, se Vre, men nou te gen chans reviv bèl sezon adolesans nou yo.","Sitting at the table, we both had a chance to relive the beautiful seasons of our adolescence.","We were sitting at the table, if true, but we had the chance to relive the wonderful season of our adolescence.","We were sitting at the table, yes, but we had the good fortune to relive the wonderful days of our adolescence.","We were sitting at the table, yes, but we had the good fortune to relive the wonderful seasons of our adolescence.",We sat at the table and reminisced about our youth | We spent time at the table reliving the beautiful days of our adolescence,62.70270270270271,False
ife_483_hat_eng,lavi gen enpas.,the road to lile is full of obstacles.,Life is peaceful.,Life is full of flaws.,Life has dead ends.,life is full of obstacles | life is full of hardships,78.57142857142857,False
proverb_215_hat_eng,"Si ou manje bouji, fòk ou poupou mèch.","If you eat a candle, you must poop the wick.","If you eat candles, fork or spit soup.","If you eat candles, you must be a bad person.","If you eat candles, you must be feisty.",You reap what you sow | Actions have consequences,45.16129032258065,False
fanm_134_hat_eng,"Nan lane 1973, Ertha te marye avèk Ernst Trouillot yon gran avoka, ekriven, jounalis. Li gen yon pitit fi.","In 1973, Ertha married Ernst Trouillot, a great lawyer, writer, journalist, and a daughter was born through this union.","In 1973, Ertha married Ernst Trouillot, a distinguished lawyer, writer, journalist. He has a daughter.","In 1973, Ertha married Ernst Trouillot, a famous lawyer, writer, journalist, with whom she has a daughter.","In 1973, Ertha got married to Ernst Trouillot, a famous lawyer, writer, journalist. She has a daughter.","In 1973, Ertha married Ernst Trouillot, a prominent lawyer, writer, and journalist, and they had a daughter. | In 1973, Ertha wed Ernst Trouillot, a distinguished lawyer, writer, and journalist, and the couple had a daughter.",82.35294117647058,True
cuisine_66_hat_eng,fèy fenugreek,Fenugreek Leaf,fenugreek leaves,fenugreek leaf,fenugreek leaf,fenugreek greens | fenugreek leaves,100.0,True
proverb_252_hat_eng,"""Je pa wè, kè pa tounen.""","Far from the eyes, far from the heart","""I have not seen, nor come back.""","""The eye does not see, the heart does not go back.""","""An eye does not see, the heart does not go back.""","Out of sight, out of mind | Absence makes the heart grow fonder",42.42424242424242,False
ife_254_hat_eng,"Anfet, nou konnen nou p ap janm rive reyalize tout rèv nou, paske nou pa ka rive menm wotè ak lapèfeksyon.",We will not realise all our dreams that's a fact.,"Amfet, we know that we will never achieve all our dreams, because we cannot reach even height and perfection.","Amphète, we know that we will never achieve all our dreams, because we cannot reach the same heights of perfection.","Amphète, we know that we will never reach the fulfillment of our dreams, because we cannot reach the same height and perfection.",We can’t achieve all our dreams | We’ll never realize every dream,63.07692307692307,False
ife_142_hat_eng,"Si nou aksepte viv youn lavi depaman pandan tout tan sa a, se paske nou gen katafal rèv nou vle bati ansanm.",I know temptation is an open trap waiting for all the lovers who shun their responsibilities.,"If we accept to live one life in excess of time, it is because we have the dream catapult we want to build together.","If we accept to live a life of exaggeration during this time, it is because we have the dreamcatalyst we want to build together.","If we accept to live a life of exaggeration during all this time, it is because we have the dreamcatalyst we want to build together.","If we choose to live apart for now, it’s because we still share a dream we want to build together. | We can endure this separation because we have a future we’re trying to create side by side.",71.02803738317758,False
cuisine_195_hat_eng,Fry jiskaske lò mawon.,Fry until golden brown.,Fry until golden brown.,Fry until golden brown.,Fry until golden brown.,Cook until golden brown | Fry until nicely browned,82.6086956521739,True
cuisine_186_hat_eng,Lalo Epina ayisyen,Lalo Haitian Spinach,Lalo Epina Haitian,Lalo Spina Haitian,Lalo Spina Haitian,Haitian spinach dish | Haitian spinach stew,61.111111111111114,False
fanm_113_hat_eng,"se la jeneral Jan Jak Desalin ansanm avèk lòt chèf ki te ak li yo te kreye drapo peyi a, pandan yo t ap òganize yon kongrè.","Grann Giton May 18, 1803, in a small town near the village of Arcahaie, called Merotte, General Jean Jacques Dessalines and other chiefs who accompanied him, reated the national flag during a congress.","The General John James Desalin and other leaders who were with him created the country's flag, while organizing a congress.","It was there that General Jean Jacques Dessalines and other leaders with him created the flag of the country, organizing a congress.","It was here that General Jean Jacques Dessalines and other leaders who were with him created the national flag, during the organizing of a congress.",General Jean-Jacques Dessalines and the other leaders with him created the national flag during a congress | The national flag was created by General Jean-Jacques Dessalines and his fellow leaders at a congress,74.235807860262,False
zile_6_hat_eng,Flè solèy fèmen bèldriv,The sunflower closed down long ago,Sunflowers close belfry,Sunflowers close their belts,The sun blows its light,It’s been over for a long time | That ended ages ago,40.0,False
proverb_73_hat_eng,"""Chak fou gen mawòt li""",Every fool has his hobby,"""Chak lou gen mawòt li""","""Every crazy person has his mahogany""","""Every fool has his motto""",Everyone has their own quirks | Every fool has a hobby,34.78260869565217,False
proverb_218_hat_eng,Souke tèt pa kase kou.,To shake the head won't break the neck.,Shake head without breaking neck.,Shaking your head does not break your neck.,Shaking your head does not break your neck.,It won’t hurt to disagree | A little dissent won’t do any harm,42.42424242424242,False
fanm_276_hat_eng,Li te blese byen grav pou li mouri.,"Severely injured, she was on the verge of death.",He was mortally wounded.,She was mortally wounded.,She was badly injured to death.,critically injured | near death,47.61904761904761,False
cuisine_80_hat_eng,"yon asyèt Diri Shela,","a plate of Diri Shela,","a dish of Dried Shela,","a dish of Diri Shela,","a dish of Diri Shela,",a plate of rice and beans | a serving of rice and beans,56.41025641025641,False
fanm_109_hat_eng,"Katrin Flon, yon fanm zansèt Yo toujou asosye Katrin Flon ak kreyasyon drapo a jan nou wè sa.","At that time, it represented the union of blacks and mulattoes.","Katrin Flon, a woman ancestress They always associated Katrin Flon with the creation of the flag as we see it.",They always associated Catherine Flon with the creation of the flag.,"Catherine Flon, a woman ancestress They have always associated Catherine Flon with the creation of the flag as we see it.",It symbolized the unity of Black people and mulattoes | It stood for the joining of Blacks and mixed-race Haitians,43.34975369458128,False
ife_94_hat_eng,"Mwen dako. Pa fatige ou,",I agree. Dont worry about me.,"Sorry. I'm not tired of you,","I'm sorry. Don't worry,","I'm sorry. Don't worry,",I agree. Don’t worry about me. | I’m fine. Don’t worry about me.,42.85714285714286,False
ife_300_hat_eng,Se kòmsi li vle al poze men-l nan matris solèy ki kouri louvrije-l nan mitan nyaj pou kabre danje,"It's as though it went after the sun which, fecling threatened to refuge behind a light cloud.",It's as if she wants to lay her hand in the sun's uterus that runs open in the clouds for danger,It is as if she wanted to put her hand in the womb of the sun that runs open it in the middle of the clouds to hide the danger.,It's as if she wants to put her hand in the womb of the sun that runs open it in the clouds to hide the danger,It’s like chasing the sun behind the clouds | It’s like reaching for the impossible,49.68944099378882,False
fanm_47_hat_eng,èd-kasik nan Zaragwa.,Cacique assistant to Xaragua.,help-causers in Zaragoza.,Caspian aid in Zaragoza.,help-cacique in Zaragoza.,chief’s aide | assistant to the chief,34.14634146341463,False
proverb_275_hat_eng,Pale anpil fè kont,dispute,Talk a lot against,Talking a lot makes you angry.,A lot of talk makes sense.,argue | quarrel,34.78260869565217,False
fanm_121_hat_eng,"Moun ki te konnen li di se te yon adolesan pezib, trankil, ki te renmen solitid.",People who knew her said that Ertha was a calm and quiet teenager who liked soli­ tude.,"People who knew him said he was a sober, quiet teenager who loved solitude.",Those who knew her said she was a calm and thoughtful adolescent who loved solitude.,"Those who knew her said she was a peaceful, quiet teenager who loved solitude.","People who knew her said she was a calm, quiet teenager who liked being alone | Those who knew her described her as a peaceful, reserved teen who enjoyed solitude",81.11888111888112,True
fanm_54_hat_eng,Anriyèt Senmak,Henriette Saint-Marc,Anriyèt Senmak,Henriette Senmak,Henriette Senmak,Henriette Saint-Marc | Henriette St. Marc,57.14285714285714,False
ife_547_hat_eng,"Premye kadè nou nan Randolph Avni, se te eskonbrit souf nou dekoupe ak sakad ritme kò nou nan melodi frison vwa ou ki te vle vare sou somèy Inosans.","Breathless, we arrived at Cité Randolph our bodies trembling with pent-up pleasure and our voices full of joyful notes that could awaken the innocent.",Our first starring role at Randolph Avenue was to unravel our soul and unpack our body rhythm in melody to thrill your voice that wanted to linger on sleepless innocence.,Our first starring role at Randolph Avenue was in the exuberance of our soul unraveling and our body's rhythmic backdrop in the melody of your voice that swayed the sleep of innocence.,Our first starring at Randolph Avenue was the strangulation of our breath and the rhythmic shaking of our bodies in the melody of your voice that swayed over the sleep of innocence.,"Breathless, we reached Randolph Avenue, our bodies shaking with restrained desire and our voices humming with delight that could stir the innocent | At Randolph Avenue, we arrived out of breath, our bodies quivering with pent-up pleasure and our voices carrying a thrill that could rouse innocence",53.73134328358209,False
charlemagne_88_hat_eng,"La, li jwenn anviwon 200 prizonye ki t ap travay nan yon chantye pou fè wout. Li diskite avèk yo.",he invited 200 prisoners to follow him in the mountains.,"There, he found about 200 inmates working in a roadside winery. He chatted with them.","There, he found about 200 inmates working in a shipyard to make roads. He chatted with them.","There, he found about 200 inmates who were working in a road construction yard. He argued with them.",He found about 200 prisoners working on a road project and talked with them | He met around 200 prisoners laboring on a road construction site and spoke with them,72.5,False
proverb_264_hat_eng,Tanga pi rèd pase rad.,Old clothes are better than Sunday best.,Tang is harder than clothing.,Tang is harder than clothes.,Tangerine is stronger than clothing.,Old clothes are better than Sunday best | Worn clothes are better than fancy clothes,58.62068965517242,False
proverb_361_hat_eng,Ti pwason swiv kouran.,People are shaped by the world around them.,Small fish follow the stream.,Small fish follow the flow.,Small fish follow the flow.,People follow the current | People are influenced by their surroundings,57.692307692307686,False
ife_144_hat_eng,li gen pou l' blayi.,"Whatever the dream, Soul, if it starts off on the wrong path, it will fall by the wayside. I am slow, it's true. No one can build a dream in the space of a heartbeat.",It's there for him to blayi.,It's there for her to bliss.,It's there for her to bliss.,it’s bound to fall apart | it won’t last long,45.833333333333336,False
proverb_303_hat_eng,Madichon pa pè nan nwit.,Badluck/evil spell isn't afraid at night.,Madichon is not afraid of night.,Curse does not fear at night.,A curse does not frighten at night.,Bad luck doesn’t sleep at night | Evil works best in the dark,47.61904761904761,False
ife_585_hat_eng,Chak fwa koze sa yo klere lespri mwen.gen youn lide ki louvri je mwen sou divès etap nou pase sou wout lavi nou.,Each time these words illuminate my spirit a stream of ideas opens my eyes on the road we have travelled so far.,Whenever these conversations illuminate my mind.there is one thought that opens my eyes on the various stages we go through on our life journey.,"Each time these words illuminate my spirit, there is one thought that opens my eyes to the various stages of our life's journey.","Each time these words illuminate my spirit, there is an idea that opens my eyes to the various stages of our life's journey.","Every time I hear those words, they light up my mind and open my eyes to the journey we’ve been on. | Those words always inspire me and help me see more clearly the path we’ve traveled together.",50.98039215686274,False
proverb_375_hat_eng,Lenj sal lave an fanmi,don’t put your business out there,Family laundry detergent,The family's dirty laundry,The dirty tongue is washed in the family,keep it in the family | don’t air your dirty laundry,55.55555555555556,False
proverb_20_hat_eng,Bèl dan pa vle di zanmi : dan pa kè.,Beautiful smiles do not mean friends: smiles are not the heart.,Pretty teeth don't mean friend : nice teeth.,A beautiful tooth does not mean a friend: a tooth does not mean a heart.,A beautiful tooth does not mean a friend: a tooth does not mean a heart.,Looks can be deceiving | A smile doesn’t always mean friendship,50.0,False
zile_2_hat_eng,BÈLDRIV,LONG AGO,BALDRIVES,BEDRIDIVS,BEDRIDIVE,"once upon a time | long, long ago",33.333333333333336,False
fanm_307_hat_eng,"Men, rive Etazini, grann nan vin agrandi fanmi an.","But on arrival in the United States, the grandmother came to expand the family.","But when she came to the United States, her grandmother expanded the family.","But when she arrived in the United States, her grandmother expanded the family.","But when she arrived in the United States, her grandmother expanded the family.","But once they got to the United States, the grandmother helped the family grow. | But after arriving in the United States, the grandmother became part of the growing family.",83.22147651006712,True
ife_176_hat_eng,"Pi bèl amoni an, se amoni ou kreye anndan pwòp tèt ou pandan ou ap analize tout aksyon ou ansanm ak tout kalite pawòl ki abitye soti nan bouch ou.",The most meaningful harmony is born from you when you reflect on all of your actions and of all the words you utter.,"The most beautiful harmony, is the harmony you create inside yourself as you analyze all your actions and all kinds of familiar words coming out of your mouth.",The most beautiful harmony is the harmony you create inside yourself as you analyze all your actions and all the familiar words that come out of your mouth.,The most beautiful harmony is the harmony you create inside yourself as you analyze all your actions and all the familiar words that come out of your mouth.,The deepest harmony comes from self-reflection and mindful speech | True harmony is created within by examining your actions and words,51.66666666666666,False
fanm_56_hat_eng,"Anriyèt deside pase yon kwa sou tout kalite sa yo,",Henriette decided to  set aside these fine qualities.,"Before deciding to pass a cross over all these qualities,","Henriette decided to crucify all these qualities,","Henriette decided to cross over all these qualities,",Henriette decided to put all that aside | Henriette decided to let all that go,52.08333333333333,False
proverb_142_hat_eng,"Nan bay kout men, ou jwenn kout pye","You give a hand, but [you may] get kicked out.","In kicking hands, you get kicks","In shaking hands, you get shots","In shaking hands, you get shots",No good deed goes unpunished | Help someone and get kicked in the teeth,48.38709677419355,False
cuisine_63_hat_eng,mayi,Corn,Corn Bulb,corn,corn,corn|maize,61.53846153846154,False
expression_64_hat_eng,Ou konn kouri ou pa konn kache,A guilty person will be caught sooner or later,You either run or you don't know how to hide,"You know how to run, you do not know how to hide.","You know how to run, you do not know how to hide.","You can run, but you can’t hide | You can’t escape the truth",56.00000000000001,False
proverb_157_hat_eng,Ougan pa janm geri maleng li.,The ‘ougan’ (Medecine Man) never cures his own illness.,Ougan never cured his malangel.,Huguane never cured his illness.,Huguenot never heals his illness.,No one can fix their own problems | A healer can’t heal himself,48.275862068965516,False
ife_431_hat_eng,Souke kò ou.,Wake up!,Shake your body.,Shake your body.,Shake your body.,Get moving! | Shake it off!,55.172413793103445,False
charlemagne_126_hat_eng,Yo te antere kadav la ak gran sekrè nan Chabè toupre Twoudinò.,Burried in a secret place at « Chabert » clost to the » Trou du Nord ».,The body was buried secretly in Chabè near Twoudinò.,The body was buried in great secrecy in Chabé near Troudinore.,The body was buried secretly in Chabé near Trou du Nord.,"The body was secretly buried in Chabert near Trou du Nord | They buried the corpse in a hidden spot in Chabert, close to Trou du Nord",75.72815533980582,False
ife_148_hat_eng,"maladi,","sickness,","Diseases,","illness,","illness,",illness | disease,87.5,True
ife_99_hat_eng,"Sepandan, ou pa dwe janm bliye sa, jounen jodi a, se twa timounn yo ak mwen, nou kat la ki pran nan eto.","However, never forget the four of us, you, myself, the children we are in a squeeze.","However, you must not forget that, today, it is the three boys and I, the four of us who are here.","However, you must never forget that today, it is these three children and me, the four of us who are here.","However, you must never forget that today, it is the three children and me, the four of us who are here.","However, never forget that the four of us are all in this together. | But don’t forget, the four of us are all struggling right now.",58.33333333333333,False
proverb_222_hat_eng,Tete pa janm twò lou pou mèt li.,Breasts are never heavy for their owner.,The first is never too heavy to master.,A breast is never too heavy for its owner.,A breast is never too heavy for its owner.,What’s yours is never a burden | You never mind carrying your own load,53.84615384615385,False
ife_227_hat_eng,mwen te pran chans mande ou youn prenmye bo pou nou te sele ako sekrè nou te siyen ant nou de a.,I ventured to ask for that first kiss that would seal the secret pact we had made.,I took the chance to ask you one first kiss so that we would have sealed the secret we signed between us.,I took the chance to ask you for a first kiss so that we would seal the secret agreement signed between us.,I took the chance to ask you for a first kiss to seal the secret agreement we signed between us.,I took a chance and asked for our first kiss to seal our secret pact | I dared to ask for that first kiss to seal the secret agreement between us,64.83516483516483,False
zile_159_hat_eng,Lè fanm ap goumen,When a woman fights,When women are struggling,When women fight,When women fight,When a woman is fighting | When women are at odds,68.08510638297872,False
fanm_263_hat_eng,"Wi yo vle travay,","Yes, they want to work.","If they want to work,","They want to work,","If they want to work,","Sure, they want to work | Yes, they do want to work",85.71428571428572,True
zile_67_hat_eng,trase chema fedatifis,the course of fireworks,traced chema fedatifis,Draw stunning schemes,drawing shema de fétichis,fireworks display | fireworks show,34.285714285714285,False
fanm_181_hat_eng,resevwa lèt kreyans anbasadè ki vin reprezante peyi yo nan Kanada;,"preside over the swearing-in ceremony of the Prime Minister, the President of the Supreme Court, the Council of Ministers;",Receive letters of credentials from the ambassador who comes to represent their country in Canada;,receive letters of credence from the ambassador who comes to represent their country in Canada;,receive the letter of creed from the ambassador who comes to represent their country in Canada;,receive the credentials of ambassadors appointed to represent their countries in Canada | receive the letters of credence of ambassadors accredited to Canada,80.0,True
fanm_347_hat_eng,pou yon pi bèl viktwa pi devan!,"Without resting, carry our flag high, go to vic­tory!",for a more magnificent victory ahead!,For a better victory ahead!,For a better victory ahead!,Onward to victory! | Keep our flag flying high!,50.90909090909091,False
ife_153_hat_eng,"fwa sa a, pou nou pèmèt reyalizasyon nou yo rete entak.",We should strive to keep our achievement intact–,"This time, let our achievements remain intact.","This time, to allow our achievements to remain intact.","This time, to allow our achievements to remain intact.",let’s make sure this time our progress stays intact | we need to preserve what we’ve achieved,54.347826086956516,False
cuisine_122_hat_eng,plat sa a konbine gou sansib nan poul ak gou kroustiyan ak yon ti kras dous nan nwa kajou.,this dish combines the tender taste of chicken with the crunchy and slightly sweet flavor of cashew nuts.,This dish combines the tender flavor of chicken and crunchy flavor with a slightly sweet flavor of black cabbage.,This dish combines the tender taste of chicken with the crispy taste and a little sweetness of cashew nuts.,This dish combines the tender taste of chicken with the crispy taste and a little sweetness of cashew nuts.,"This dish blends tender chicken with crunchy, lightly sweet cashews | Tender chicken paired with the crisp, subtle sweetness of cashew nuts",61.79775280898876,False
cuisine_5_hat_eng,"pa janm sispann etone ak richès kiltirèl li yo,","never ceases to amaze with its cultural richness,","never cease to amaze with its cultural richness,","Never cease to amaze with its cultural richness,","Never ceases to amaze with its cultural richness,",never fails to impress with its cultural richness | continues to amaze with its rich cultural heritage,83.33333333333334,True
cuisine_2_hat_eng,Lis 25 pi bon plat ayisyen an 2025:,List of the 25 Best Haitian Dishes in 2025:,List of 25 best Haitian dishes in 2025:,The list of the 25 best Haitian dishes in 2025:,The list of the 25 best Haitian dishes in 2025 :,Top 25 Haitian Dishes of 2025 | 25 Best Haitian Foods in 2025,78.87323943661973,False
proverb_341_hat_eng,"Fè nèg byen, se bay Bondye.",Do not necessarily expect to be rewarded on earth,"To do good fellows, it is from God.",To do good is to give to God.,To do good to people is to give to God.,Do good without expecting anything in return | Good deeds aren’t always rewarded here on earth,50.98039215686274,False
ife_25_hat_eng,"Malgre pyes mounn pa te vann nou li,","It was ours,","Despite the fact that no one sold it to us,","Although no one sold it to us,","Although no one sold it to us,",It belonged to us | It was ours to keep,45.16129032258065,False
ife_429_hat_eng,"ou va santi, mwenimenl tou, mwen rantre nan ri ansanm avèk ou.",you will feel that I too will be shaken by the contagion of spirit shall free itself from the bonds of suffering and you shall our laughter.,"You shall feel, I too, that I join you in laughter.",You will also feel me laughing with you.,"You will feel that I, too, am laughing with you.","you’ll feel it too, I’ll be swept up in it with you | you’ll sense that I’ll join you in laughter and release",72.54901960784314,False
fanm_191_hat_eng,• Prezidan Konsèy Administrasyon Enstiti Wotzetid Kebèk nan Inivèsite Laval (Oktòb 2010).,"• Special Envoy for UNESCO in HAITI (October 1, 2010);",• President of the Board of Directors of the Institut de Haute-Etudes du Québec at Université Laval (October 2010).,• Chairman of the Board of Directors of the Université de Laval (October 2010).,• President of the Board of Directors of the Université Laval (October 2010).,Chairman of the Board of the Quebec Institute of Higher Education at Laval University (October 2010) | President of the Board of Directors of the Quebec Institute of Higher Education at Laval University (October 2010),76.52173913043478,False
zile_33_hat_eng,Pou Hugues Lamour ak Garry Gauthier,For Hugues Lamou and Garry Gauthier,Pou Hugues Lamour and Garry Gauthier,Pou Hugues Lamour and Garry Gauthier,For Hugues Lamour and Garry Gauthier,For Hugues Lamour and Garry Gauthier | To Hugues Lamour and Garry Gauthier,97.14285714285714,True
proverb_313_hat_eng,Mèt kò pa grate kò,You always need someone else to help you.,Master does not scratch the body,The master of the body does not scratch the master of the body,A master does not scratch the body,You can’t do it alone | You need help from others,42.10526315789473,False
proverb_104_hat_eng,Koulèv ki vle gwo rete nan trou-l.,The snake that wants to get big stays in its hole.,Snakes that want to be big stay in the trough.,The snake that wants to be big stays in its hole.,The snake that wants to be big stays in its hole.,Stay in your lane | Know your place,44.44444444444444,False
cuisine_94_hat_eng,"Plat sa a, prepare ak vyann kabrit ki byen sezonman ak mitone nan yon sòs ki rich nan epis santi bon,","This dish, prepared with well-seasoned goat meat and simmered in a sauce rich in spices,","This dish, prepared with seasoned goat meat and seasoned in a sauce rich in spices,","This dish, prepared with seasoned goat meat and simmered in a sauce rich in spices,","This dish, prepared with seasoned goat meat and simmered in a sauce rich in spices,","This dish, made with seasoned goat meat and a rich spiced sauce | A flavorful goat dish simmered in a fragrant, spicy sauce",77.6978417266187,False
zile_186_hat_eng,youn bél karako lalin de boul je,a robe of moonlight two round eyes a pair of golden wings,One beautiful carako moon of eyeballs,a charm carako moon with two balls of eyes,a beautiful moon's caracotta with two balls of eyes,a radiant figure with moonlit eyes and golden wings | a luminous being with bright eyes and golden wings,45.070422535211264,False
zile_220_hat_eng,Ki ka ban nou zèl toutrèl Pou n' monte nan syèl,that give us wings of doves so that we rise to the sky,Which can give us turret wings To ascend into heaven,That can give us turtle wings To climb into the sky,That can give us turret wings To climb into the sky,give us peace and freedom | lift us heavenward with gentle wings,51.06382978723405,False
cuisine_179_hat_eng,"Tassot se vyann bèf ki marin,","Tassot is a marinated beef,","Tassot is beef that belongs to the navy,","Tassot is beef that is marinated,","Tassot is beef that is marinated,",marinated beef | seasoned beef,46.15384615384615,False
proverb_88_hat_eng,"Je wè, bouch be.","The eyes see, the mouth is silent.","I see, mouth be.","I can see, I cant breathe.","I can see, I cant breathe.","See no evil, speak no evil | What the eyes see, the mouth keeps quiet",75.0,False
zile_94_hat_eng,« Dèy o ! N'a rele dèy o ! Ayiti ! »,"« Mourning 0, We cry out in mourning, O Haiti !»", Weep! Weep! Haiti! ," Weeping, weeping, for Haiti!"," Desolations, desolations, desolations, desolations, desolations ","We mourn, O Haiti! | Crying out in grief, O Haiti!",60.0,False
ife_201_hat_eng,Ou retounen,You comne back,Or return,You return,You return,You’re back | You came back,42.85714285714286,False
proverb_312_hat_eng,Meprize vo mye pase reponn.,To ignore someone is stronger than answering.,Despicable Me More Than Answering.,Contempt is worth more than answering.,Deprecating is worth more than answering.,Ignoring is better than replying | Silence is stronger than a response,51.515151515151516,False
zile_208_hat_eng,MIYAMI,MIAMI,MIYAMI,MIAMI,MIAMI,"Miami | Miami, Florida",90.9090909090909,True
expression_54_hat_eng,Chak jou pa dimanch,you may not get the same results all the time,Every day on Sunday,Every day is not a Sunday,Every day is not a Sunday,every day isn’t Sunday | things don’t always turn out the same,78.94736842105263,False
proverb_256_hat_eng,Bèf ki bèf pran souf.,Even the ox takes a break,Cow that takes breath.,The ox takes a breath.,The ox takes a breath.,Everyone needs a break | Even the strongest need rest,45.45454545454546,False
cuisine_250_hat_eng,Pen pòmdetè Desè a k ap fonn,Pain Patate The melting dessert,Breadcrumbs Potatoes Desserts are melting,Potato Bread The Melting Dessert,Potato Bread The Melting Dessert,sweet potato pudding | melting dessert,55.072463768115945,False
cuisine_263_hat_eng,"Melanje farin, siwo kann, kannèl ak noutmèg.","Mix flour, cane syrup, cinnamon and nutmeg.","Mix flour, sugar cane, cinnamon and nutmeg.","Mix flour, cane syrup, cinnamon and nutmeg.","Mix flour, cane syrup, cinnamon and nutmeg.","Mix flour, cane syrup, cinnamon, and nutmeg | Combine flour, cane syrup, cinnamon, and nutmeg",83.72093023255813,True
fanm_8_hat_eng,Mimoz,Mimoz,Mimoz,Mimoz,Mimoz,Mimosas|Mimosa,88.88888888888889,True
cuisine_28_hat_eng,Manyòk,yuca,Manyòk,Manioc,Manioc,cassava | manioc,50.0,False
expression_17_hat_eng,Met dlo nan diven,"To calm down, to not make a big deal out of a situation.",Put water into wine,Put water in wine,Put water into wine,to tone it down | to make a fuss over nothing,58.82352941176471,False
proverb_148_hat_eng,"Nen pran kou, je kouri dlo; je pran kou, nen kouri dlo.","The nose is hurt, the eyes water; the eyes are hurt, the nose runs.","Knock, I run; knock, I run.","The nose that strangles, the eyes run away from the tears; the eye that strangles, the nose runs away from the tears.","The nose gets hit, the eyes run away from the tears; the eye gets hit, the nose runs away from the tears.","What affects one part affects the whole | When one thing suffers, everything feels it",37.03703703703704,False
zile_124_hat_eng,foto ou pran woulib sou glas fele larivyè jele,your foto hitches a ride on the cracked ice of a frozen river,Your picture takes you on a jellyfish ride,Your picture takes you on a jellyfish ride,Your picture of you riding on the ice of the jelly river,your photo rides on thin ice | your photo is skating on thin ice,51.42857142857142,False
fanm_65_hat_eng,"Dènye rèl Anriyèt la te sèvi kouwè yon kleren majik ki chofe nanm tout esklav revòlte, tout afranchi revolisyonè.",Henriette's last cry was akin to a powerful rhum that would warm the souls of all the rebellious slaves and freedmen that had joi­ned in revolution.,"The Last Supper served to sew a magical garment that warmed the souls of all rebellious slaves, all revolutionary outlaws.",Henriette's last cry served as a magic curtain which warmed the souls of all revolutionary slaves and liberals.,Henriette's last cry served to hide a magical clerens that warmed the souls of all revolutionary slaves and liberals.,"Henriette’s final cry was like a potent rum that warmed the hearts of all the rebellious slaves and freedmen | Henriette’s last cry was like a magical rum, stirring the souls of every rebel slave and freedman",58.00865800865801,False
cuisine_239_hat_eng,akonpaye pa yon bon pikliz pikant.,"It is often served with diri kole (rice with red peas) or plantains, accompanied by a good spicy pikliz.",accompanied by a good spicy pickle.,Accompanied by a good spicy pikliz.,Accompanied by a good spicy pikliz.,served with spicy pikliz | accompanied by a good spicy pikliz,92.7536231884058,True
fanm_179_hat_eng,disoud palman an ouben mande chèf opozisyon an pou fòme yon nouvo gouvènman lè sa nesesè;,teach them how to work to build a strong and generous community;,to dissuade the parliament or to ask the leaders of the opposition to form a new government when necessary;,dissolve the parliament or ask the leader of the opposition to form a new government when necessary;,to dissuade the parliament or to ask the leader of the opposition to form a new government when necessary;,dissolve parliament or ask the opposition leader to form a new government when needed | dissolve parliament or let the opposition leader form a new government when necessary,78.75647668393782,False
ife_480_hat_eng,"nou dwe aprann ajiste pasyon nou yo, youn fason pou nou rive kwoke dyakout nou mezi ponyèt nou ka rive.","we must keep our passion in check and avoid overreaching,","We must learn to adjust our passions, one way in which we can reach the length of our wrist.","We must learn to adjust our passions, one way of reaching the length of our wrist.","We must learn to adjust our passions, one way to reach the length of our wrist.",we must keep our passions in check | we shouldn’t bite off more than we can chew,57.14285714285714,False
fanm_237_hat_eng,M te kon yon egare.,"I was there, dazed ...",I was in a coma.,I was like a snitch.,I was like a hypocrite.,I was kind of out of it | I was dazed,71.42857142857143,False
ife_252_hat_eng,"Konsa, nou va tounen marasa dosou dosa nan rasin dlo, metrès tout fom lavi sou latè.","Our two lives will fuse into one like those spirits dwelling at the source of the water, mistress of all forms of life on earth.","Thus, we will become unconcerned in the water roots, the mistress of all forms of life on earth.","Thus, we will become two-eyed beasts at the root of water, the master of all life on earth.","In this way, we will become the twins of dosou dosà at the water roots, the masterpiece of all forms of life on earth.","Our lives will become one, like the spirits at the source of the water, mistress of all life on earth. | We will be joined as one, like the water spirits, mistress of all life on earth.",73.62637362637363,False
zile_111_hat_eng,Chalè ou fonn nan san-m fe laviwonn venn mwen,Your warmth melts in my blood makes a tour of my veins,Your warmth melted into my blood-steel veins,Your warmth melts in my blood making my veins sweep,Your warmth melted into my blood making my veins sweep,Your warmth runs through my veins | Your warmth flows through my blood,64.1025641025641,False
fanm_141_hat_eng,"Jounen jodiya ansyen Prezidan Ertha Pascal ap viv lakay li, nan katye Kriswa, kote l ap ekri liv, l ap prepare konferans, l ap bay sè ak frè legliz li konsèy pou yo byen viv lafwa yo.","Former President Ertha Pascal now lives at her residential home, writing books, presenting lec­ tures, and advising her sisters and brothers to live their faith.","Today former President Ertha Pascal lives in her home in Christchurch, where she writes books, prepares lectures, and gives her sister and brother church counsel on how to live their faith successfully.","Today, Ertha Pascal, the former president of the church, lives in her home in the vicinity of Christo, where she writes books, prepares lectures and gives advice to her sister and brother in order to live the good life of their faith.","Today, Ertha Pascal, the former president of the church, lives in her home in the vicinity of Christ, where she writes books, prepares lectures and gives advice to her sister and brother in the faith.","Former President Ertha Pascal now lives at home, where she writes books, gives lectures, and counsels fellow church members on living their faith | Former President Ertha Pascal currently lives in her home in Kriswa, writing books, preparing talks, and advising her church family on how to live out their faith",70.13698630136986,False
charlemagne_15_hat_eng,Ti gason sa a te fèt 10 Oktòb 1885 nan vil Ench.,"Francios was born on octiber 10, 1885 in « Hinche ».",This boy was born 10 October 1885 in the town of Ench.,"This boy was born on October 10, 1885 in the city of  Hinche .","This boy was born on October 10, 1885 in the city of  Hinche .","Francios was born on October 10, 1885, in Hinche. | Francios was born in Hinche on October 10, 1885.",66.66666666666667,False
proverb_304_hat_eng,Malè pa mal pou rive.,Trouble comes so easily,Misfortune is about to happen.,Misfortune is not bad to happen.,Misfortune is not a bad thing to happen.,Trouble comes easily | Misfortune comes all too easily,63.33333333333333,False
fanm_59_hat_eng,Te gen lòt Ayisyèn vanyan ki te konn fè travay sa a tou.,Other courageous Haitians also played this game.,There were other mighty Haitians who could do this job too.,There were other brave Haitians who could do this job.,There were other brave Haitians who also did this work.,Other brave Haitian women did this too. | There were other strong Haitian women who did this too.,75.43859649122807,False
cuisine_106_hat_eng,piman dou,bell peppers,Peppermint dou,Sweet peppers,Sweet peppers,sweet peppers|capsicums,50.0,False
charlemagne_71_hat_eng,Ameriken yo sispèk Chalmay ak demi frè li jeneral Saül Péralt te nan konplo avèk rebèl yo.,Charlemagne Peralte and his half brother Saul Pralte are accused of being partners with rebels.,Americans suspect Chalmay and his half-brother General Saul Peralt were in collusion with the rebels.,The Americans suspected Charlemagne and his half-brother general Saul Peralte were in collusion with the rebels.,The Americans suspected Charlemagne and his half-brother general Saul Peralte were in collusion with the rebels.,The Americans suspected Charlemagne and his half-brother General Saül Péralte of conspiring with the rebels | The Americans believed Charlemagne and his half-brother General Saül Péralte were in league with the rebels,84.15841584158416,True
ife_24_hat_eng,Se nan mitan ambyans sa a nou te dekouvri youn bèl galèt marasa kote karès nou te fè nich.,It was in the midst of that ambiance that we discovered that large oval boulder.,It was in the midst of this ambiance that we discovered one beautiful biscuits without sides where our caress made them.,It was in the middle of this ambience that we discovered a beautiful steamy pasture where our caress had nestled.,It was in the middle of this ambiance that we discovered a beautiful galaxy where our caresses nestled.,"It was in the middle of that atmosphere that we found that big oval stone | In that setting, we came upon that large oval boulder",57.01754385964912,False
zile_150_hat_eng,Lè fanm vanyan ap mache li pòtre ak Manzè Lavi,When a brave womnan's out walking she looks just like Mistress Life,When brave women walk it is portrayed with Manze Lavi,"When courageous women walk, she is portrayed as the Mother of Life.","When a brave woman walks, she is portrayed as the Mother of Life",A brave woman carries herself like life itself | A strong woman walks with the grace of Mistress Life,53.333333333333336,False
cuisine_133_hat_eng,"Kwit pwa pijon yo ak epis santi bon (lay, zonyon, tim, pèsi).","Cook the pigeon peas with spices (garlic, onion, thyme, parsley).","Cook the dove beans with spices (dried garlic, onion, thyme, parsley).","Cook the dove beans with spices (garlic, onion, thyme, parsley).","Cook the dove beans with spices (garlic, onion, thyme, parsley).",Cook the pigeon peas with seasonings | Prepare the pigeon peas with herbs and spices,57.14285714285714,False
expression_12_hat_eng,Chape poul,To escape,Chicken Hat ,Escape chicken,Escape chicken,to get away | to flee,36.36363636363637,False
cuisine_257_hat_eng,Tranpe mayi sèk ak pwa wouj anvan ou kwit manje ak epis santi bon.,Soak dry corn and red peas before cooking with spices.,Soak dry corn and red beans before cooking with spices.,Soak dried corn with red beans before cooking with spices.,Soak dried corn with red beans before cooking with spices.,Soak the corn and red beans before seasoning and cooking | Soak dried corn and red peas before cooking with spices,92.72727272727272,True
proverb_205_hat_eng,Se nan chemen ou konnen sa-k pase nan chanm.,It is on the road that you learn what goes on in [your] room.,Either way you know what's going on in the bedroom.,It's the way you know what happens in the bedroom.,It's the way you know what happens in a room.,You learn life by getting out into the world | Experience teaches you what you need to know,51.162790697674424,False
fanm_36_hat_eng,Men sa ki pi enpòtan pou nou konnen sèke Anakawona te renmen anpil anpil lavi atis.,It must be remembered that Anacaona loved the life of an artist very much.,But the most important thing for us to know is that Anakawona enjoyed so much life as an artist.,But the most important thing for us to know is that Anakaona loved the life of an artist.,But the most important thing for us to know is that Anacaona loved the life of the artist very much.,It should be remembered that Anacaona deeply loved the artistic life | One important thing to know is that Anacaona had a great love for the arts,65.89595375722543,False
ife_67_hat_eng,"Men, bonnanj mwen va bay bonnanj ou kristė, menm jan li toujou fèpandan tout peyòd lesefrape distans manchlonng ki soude ekzistans nou an.","However, my spirit is going to tickle your spirit as it did on the day when we had to fight to dispel the feeling of distance between us.","But I am going to give to you Christ, just as it always depends on all the layers of the distance that have ensured our existence.","But I will bless you with all the joy of Christ, as it always does.","But I will give my love to your love, as it has always been through all the pairs of pairs, straddling the long-distance that has softened our existence.","My spirit will stir yours, just as it always has when we fought to bridge the distance between us | My soul will reach out to yours, as it did when we struggled to overcome the distance between us",55.50660792951542,False
fanm_165_hat_eng,"li pale, li ekri 5 lang :",She speaks and writes 5 languages:,It speaks and writes 5 languages :,She speaks and writes five languages:,She speaks and writes five languages:,She is fluent in 5 languages | She speaks and writes 5 languages fluently,91.17647058823529,True
zile_31_hat_eng,ki jou latè va rale youn kanpo san kè kase ?,When will the earth pull up to rest without heartbreak ?,When will the earth pull one out without breaking ?,When will the earth emerge without a broken heart?,When will the earth emerge into a new world without a broken heart?,When will the world finally rest in peace? | When will there be peace on earth?,58.06451612903225,False
fanm_159_hat_eng,Li patisipe nan plizyè film nan kolaborasyon avèk mari li Daniel Lafond.,"She has participated in the making of several films in col­ laboration with her husband, Daniel Lafond.",She participated in several films in collaboration with her husband Daniel Lafond.,She participated in several films in collaboration with her husband Daniel Lafond.,She participated in several films in collaboration with her husband Daniel Lafond.,"She has worked on several films with her husband, Daniel Lafond. | She has collaborated with her husband, Daniel Lafond, on several films.",76.71232876712328,False
cuisine_21_hat_eng,Kremas,creamy coconut spiced rum beverage,Kremas,Kremas,Kremas,Haitian cream liqueur | spiced coconut rum drink,50.0,False
fanm_343_hat_eng,Se pou nou gen fyète lang nou!,"Be proud of your lan­ guage,",Let us be proud of our language!,Let us be proud of our tongue!,Let us be proud of our tongue!,Be proud of our language | Let’s be proud of our language,93.5483870967742,True
cuisine_93_hat_eng,sitou pandan okazyon espesyal ak festival.,especially during special occasions and celebrations.,especially during special occasions and festivals.,especially during special occasions and festivals.,especially during special occasions and festivals.,especially on special occasions | especially during festivals,80.43478260869566,True
proverb_59_hat_eng,Degaje pa peche.,To get by is not a sin.,Rest assured.,Discharging does not sin.,Being discouraged is not a sin.,Making do is no sin | Getting by isn’t wrong,34.78260869565217,False
cuisine_76_hat_eng,djondjon,Mushroom,Mushroom,Mushroom,Mushrooms,mushroom | wild mushroom,100.0,True
proverb_154_hat_eng,Ou pa fouye zo nan kalalou.,You do not dig up bones in akra.,You have not digged the bones of the lobster.,You don't dig the bones of donkeys.,You don't dig the bone of a donkey.,Don’t stir up old trouble | Let sleeping dogs lie,40.0,False
ife_385_hat_eng,ou ta di yo pran pli satiyèt pou lage mwen toutouni ak ri.,Sometimes they seem to take a ticklish pleasure in exposing me naked.,You would have told them to take longer hours to release me naked and laughing.,You would have told them to take longer to release me naked and laughed.,You would have told them to take longer to release me naked and laughed.,they seem to enjoy humiliating me | they take pleasure in exposing me,46.875,False
cuisine_9_hat_eng,"yon eritaj ki pase de jenerasyon an jenerasyon,","a heritage passed down from generation to generation,","a legacy passed down from generation to generation,","A legacy passed down from generation to generation,","A legacy passed from generation to generation,",a legacy passed down through generations | a tradition handed down through the generations,78.35051546391753,False
ife_504_hat_eng,Gwo Bo,I love you my darling Soul Ife,Big Bo,Big Kisses,Big Kisses,my big kiss | my darling sweetheart,66.66666666666667,False
zile_230_hat_eng,Avèk youn bèl flè Ayiti Ki t'ap dekore youn kè anbalan,with a bcautiful Haitian flower pinned to my stumbling heart,With one beautiful Haitian flower that will decorate one balanced heart,With a beautiful flower of Haiti Decorating a balanced heart,With a beautiful flower of Haiti Decorating a balanced heart,with a beautiful Haitian flower pinned to my wavering heart | with a lovely Haitian flower adorning my faltering heart,68.46846846846847,False
cuisine_115_hat_eng,"Ajoute pòmdetè, kawòt ak pwa vèt.","Add potatoes, carrots and green beans.","Add potatoes, carrots and green beans.","Add potatoes, carrots and green beans.","Add potatoes, carrots and green beans.","Add potatoes, carrots, and green beans | Toss in potatoes, carrots, and green beans",97.36842105263158,True
zile_38_hat_eng,Monte apik,Rises straight up,Mount Appian,Ride steep,Ride steep,shoots up|goes straight up,38.095238095238095,False
ife_64_hat_eng,Sa se mistè lavi! Se poutèt sa.,There lies the whole mystery of life.,That's the mystery of life! That's why.,That is the mystery of life!,That is the mystery of life.,That’s the mystery of life. | That’s what life is all about.,87.17948717948718,True
fanm_38_hat_eng,"Limenm te patisipe nan envante pwezi, chante;",She devoted herself to poetry and singing.,"Limenm took part in inventing poetry, singing;","Limenm took part in inventing poetry, singing;",The mind took part in inventing poetry and singing;,She was devoted to poetry and song | She dedicated herself to poetry and singing,54.28571428571429,False
cuisine_45_hat_eng,radi,Raddish,radi,radius,radius,radish|turnip,100.0,True
zile_62_hat_eng,Poudre wòch galèt,Powders riverbank stones,Powdered stone biscuits,Poud stones giblets,Poudre roche galet,waste your time | do something impossible,43.47826086956522,False
fanm_77_hat_eng,Madan Pajo,Madame Pajo,Madan Pajo,Madan Pajo,Mrs Pajo,Mrs. Pajo | Madam Pajo,90.0,True
fanm_157_hat_eng,Se konsa li rantre nan televizyon « Radyo-Kanada ».,She joined Radio-Canada television.,So he joined the channel  Radio-Canada .,"That's how she joined the channel ""Radio-Canada"".",That is how she joined the channel  Radio-Canada .,She joined Radio-Canada TV | She became part of Radio-Canada television,75.0,False
cuisine_70_hat_eng,"Yon plat senp men plen karaktè,","A simple but characterful dish,","A plate simple but full of character,","A simple dish but full of character,","A simple but full of character dish,",A simple yet flavorful dish | A humble dish with plenty of character,64.51612903225806,False
cuisine_24_hat_eng,Lambi,conch,Lambi,Lambi,Lambi,conch shell|sea snail,50.0,False
fanm_264_hat_eng,"yo vle vanse pou yo bliye doulè a, pou yo donte chagren yo.","They want to move forward to forget their pain, to tame their grief.","They want to move to forget the pain, to heal the grieving.","They want to hurry to forget the pain, to bear the sorrows.","They want to move forward to forget the pain, to quench their sorrows.",They want to move on and forget their pain | They want to keep going and ease their grief,75.22935779816513,False
fanm_209_hat_eng,"Mwen sere li pi fò epi mwen pa sispann pale avèk li, yon jan pou mwen ba li konfyans.","I hugged her very tightly and kept talking to her, to give her confidence.","I shrug it harder and I don't stop talking to her, somehow to give her confidence.","I shelter her stronger and I do not stop talking to her, in a way that gives her confidence.","I held her tightly and kept talking to her, in order to give her confidence.",I held her close and kept talking to reassure her | I hugged her tightly and kept talking to comfort her,52.348993288590606,False
fanm_110_hat_eng,"Epi, dapre sa pi fò moun rapòte, li te fè sa jou 18 me a nan Kongrè Akayè a.","Catherine Flon, a woman of history As we have noticed, Catherine Flon has always been associated with the creation of the flag.","And, according to most reports, he did so on May 18th at the Achaean Congress.","And, according to most reports, he did so on May 18th at the Congress of Achaea.","And, according to most reports, he did so on May 18th at the Achaia Congress.","And, according to most accounts, she did this on May 18 at the Congress of Arcahaie. | And, as many have reported, she carried out this act on May 18 at the Congress of Arcahaie.",83.22147651006712,True
ife_455_hat_eng,Nou dwe abiye rèv nou Van lespwa se kànva,Let's dress our dreams with festoons and gems The winds of hope are on a quest,We must dress up our dream Van Hope is a well,We must dress our dreams The wind of hope is a well,We must dress our dreams The wind of hope is a dove,Let’s adorn our dreams with hope and beauty | Hope’s winds are carrying us forward,59.523809523809526,False
cuisine_113_hat_eng,"legim ak epis santi bon, mitone ansanm pou bay yon gou rich, santi bon.","vegetables and spices, simmered together to give a rich and fragrant flavor.","Vegetables and spices, mixed together to give a rich, fragrant taste.","Vegetables and spices, simmered together to give a rich, fragrant taste.","Vegetables and spices, simmered together to give a rich, fragrant taste.","vegetables and spices simmered into a rich, fragrant dish | a flavorful vegetable and spice blend cooked together until aromatic",75.40983606557377,False
charlemagne_73_hat_eng,"Yo bay lòd boule kay Chalmay, Yo bay lòd piye kay Saül Peralt, yo bay lòd asasinen Saül Péralte",The americans ordered Charlemagne House to be burned down and Saul house got burglarized.,"They ordered the burning of Chalmay, They ordered the burning of Saul Peralt, They ordered the murder of Saul Peralt","They ordered the burning of Charlemagne's house, they ordered the pillage of Saul Peralte's house, they ordered the murder of Saul Peralte's house.","They ordered the burning of Charlemagnes house, they ordered the looting of Saul Peraltes house, they ordered the murder of Saul Peraltes house.","The Americans ordered Charlemagne’s house burned down and Saul’s house looted | The Americans ordered Charlemagne’s house burned down, Saul’s house ransacked, and Saul Péralte assassinated",50.86206896551724,False
ife_619_hat_eng,Wout lavia se pa youn wout pyèsmounn kapab fè san sipò lèzot.,"Let's keep on seeking the light, faithfully, without being blinded by foolish pride.",Rout lavia is not one piece of road that can be done without the support of lazot.,The road to freedom is not the only road that one can take without the support of the lazote.,The road of life is not the only road that one can take without the support of others.,We can’t make it alone; we need each other’s support. | No one can walk life’s path without the help of others.,54.54545454545454,False
ife_612_hat_eng,"chak chedev yo reyalize,",each masterpiece created with wisdom is a reflection of achievement,"chak chedev yo realize,","each chedev they accomplish,","each chedev they accomplish,",every masterpiece reflects wisdom and accomplishment | each work of art is a sign of achievement,41.17647058823529,False
fanm_6_hat_eng,pou pote chanjman sou latè beni.,Those who bring Changes to our world.,to bring about world change.,to bring about change in the world.,to bring change to the world.,Those who bring change to our blessed world | People who make a difference in our world,60.0,False
ife_33_hat_eng,"Se te fason pa Mòn Lopital pou lite lage dlo je-l sou youn orevwa ki ta pral vire vitametènam. Oubyen tou, se te lason papou'l te di nou: « anmore pa tire foto-m ».",Morne lHopital was coyly saying a final goodbye with tears in her eyes.,Maybe it was the way by Mount Hospital for me to release my eyes on a vein that was going to turn into vitamin E. Or maybe it was what my grandfather said to us: Dont take my picture anymore.,It was the way of Mont Hôpital that she tried to put her tears on a goodbye that would turn into a lot of vitamins. Or it was the lesson that she taught us: Dont shoot my picture.,That was the way that Morne l'Hôpital fought to put her tears on a goodbye that would turn into a life-changing kiss. Or it was the lesson that her father used to tell us: Don't shoot my picture.,Morne lHopital was saying a tearful goodbye | Morne lHopital was bidding farewell with tears in her eyes,52.38095238095239,False
ife_101_hat_eng,Dan sere.,Let us be strong.,Teeth tight.,Teeth tight.,Teeth tight.,Stay strong | Be strong,40.0,False
expression_60_hat_eng,Gate san,to be angry,Gate san,The Gate of Blood,Gate of blood,to be mad | to be upset,50.0,False
cuisine_92_hat_eng,"Kabrit nan sòs se yon plat popilè ann Ayiti,","Cabri en sauce is a popular dish in Haiti,","The goat sauce is a popular dish in Haiti, he said.","Goat in sauce is a popular dish in Haiti,","Goat in Sauce is a popular dish in Haiti,",goat stew | goat in sauce,66.66666666666667,False
fanm_122_hat_eng,"Alòske papa li te mouri lè li gen 3 zan, li te rete avèk espwa pou li jwenn papa li.","Although her father died when she was only three years old, she dreamed and still hoped to find him.","Although his father died when he was three years old, he lived with the hope of finding his father.","Although her father died when she was three years old, she lived with the hope of finding her father.","Although her father died when she was only three years old, she lived with the hope of finding her father.","Although her father died when she was just three, she still hoped to find him | Even though her father passed away when she was three, she never stopped hoping to find him",70.05649717514125,False
ife_349_hat_eng,"Sepandan, si mwen sonje byen, chak fwa nou abòde sije saa, ou te di mwen sa se estrateji lavi.",I must reach down deep into my brain to find the seed of power that will allow me to deal with the reality of my loneliness.,"However, if I remember correctly, whenever you approached me, you told me that this is life strategy.","However, if I remember correctly, whenever you approached me, you always told me that this was life's strategy.","However, if I recall correctly, whenever you approached me like that, you told me that this is life's strategy.","If I remember right, every time we’ve talked about this, you told me that’s just life’s strategy. | As far as I recall, whenever we brought this up, you said that was the way life works.",64.64646464646464,False
cuisine_231_hat_eng,Pwason Gro Sel Otantisite nan gou yo nan lanmè a,Pwason Gro Sel Authentic Sea Flavors,Fish Gro Cells The authenticity of the flavors of the sea,Fish Gro Sel The authenticity of the flavors of the sea,Pwason Gro Sel The authenticity of the flavors of the sea,Authentic Sea Flavors | True Taste of the Sea,72.28915662650603,False
ife_320_hat_eng,Se yo tout ansanm ki gen pou pote lajwa nan jounen nou lè lavyeyes deside poze brid li sou nou.,Those are springs of happiness that will carry streams of happiness into the dull days of our later lives.,They are all collectively responsible for bringing joy to our day when lavyeyes decide to put her brid on us.,They all together bring joy to our day when the snowmen decide to take over our splendor.,"They are all, together, responsible for bringing joy to our day when the rainbow decides to lay its brim on us.",They are the ones who will bring joy to our later years | They will be the source of happiness in our old age,55.670103092783506,False
fanm_7_hat_eng,Men kèk fanm ki kapab sèvi modèl pou jèn nou yo.,So here are some acceptable women To serve as role models for our young people.,These are some women who can serve as role models for our youth.,These are some women who can be role models for our young people.,These are some women who can serve as role models for our young people.,Here are some women who can serve as role models for our youth | Here are a few women who can be good examples for our young people,96.82539682539682,True
charlemagne_31_hat_eng,Li te genyen 19 lane.,he quit school due to the death of his father.,He was nineteen years old.,She was 19 years old.,She was 19 years old.,he was 19 years old | he was nineteen,75.55555555555556,False
proverb_192_hat_eng,Sa ou pa konnen pi gran pase ou.,What you do not know is bigger than you.,What you do not know is greater than you.,What you don't know is bigger than you know.,What you do not know is greater than you are.,You don’t know the half of it | There’s more to it than you know,63.63636363636363,False
charlemagne_80_hat_eng,"Soti Wanament, yo kondi Chalmay nan prizon Okap.",We saw him with the head shaved and prison clothes.,"From Wanament, they drove Chalmay to Cap Cap Prison.","From Wanaminthe, they sent Charlemagne to Cap-Haitian prison.","From Wanament, they drove Charlemagne to Cap-Haitian prison.",He was taken to Cap-Haïtien prison | They brought Chalmay from Wanament to jail in Cap-Haïtien,61.36363636363637,False
zile_207_hat_eng,Bonnanj mwen nan sèp,My soul's in a trap,My Bonnanj of Serpent,My bonnanj in the snake,My bonnanj in the snake,I’m in a bind | My soul is trapped,46.15384615384615,False
cuisine_121_hat_eng,"Origine soti nan nò Ayiti,","Originally from northern Haiti,","Originated from northern Haiti,","Originated in the north of Haiti,","Originated from the North of Haiti,",Originally from northern Haiti | Hailing from northern Haiti,88.52459016393442,True
proverb_186_hat_eng,"Rayi chen an, men di dan li blanch.","[You may] hate the dog, but [you must] admit that its teeth are white.","He hates the dog, but his teeth are white.","They hate the dog, but they say his teeth are white.","He hates the dog, but he says his teeth are white.",Give credit where it’s due | Admit when something is good,42.85714285714286,False
fanm_210_hat_eng,Nou rete konsa tout nwit la”.,We stayed like that all night.,We stayed like this all night.,We stayed there all night.,We stayed there all night.,We stayed up all night | We were like that the whole night,76.92307692307692,False
ife_590_hat_eng,Ou gide-m San bousòl,You guide me Without a compass,You guide-me to the Holy Grail,You guide me Without compass,You guide me Without compass,You lead me without direction | You guide me blindly,60.0,False
ife_588_hat_eng,Soul Mwen pa konn Si ou remake sa,Soul I do not know,Soul I don't know if you remake that,Soul I don't know if you can re-imagine this,Soul Je ne sais pas Si tu te rends compte de cela,I don’t know | I’m not sure,66.66666666666667,False
charlemagne_76_hat_eng,"Apre premye jijman li Ench, Chalmay menm,","When it comes to Charlemagne, after the first judgement at « Hinche ».","After his first trial Ench, even Chalmay,",After his first trial                                                             ,"After his first trial in  Hinche ,",After Charlemagne’s first trial in Hinche | Once Charlemagne had his first day in court in Hinche,65.85365853658536,False
ife_371_hat_eng,"Pasaj silans sa a, se nou tou de reyini nan youn sèl mounn ki ap grandi nan jaden linivè.","The soothing silence, like a pathway From which we dream.","Through this silence, we are both united in one single human being growing up in the garden of the universe.","Through this passage of silence, we are two united in one person growing in the garden of the universe.","Through this silent passage, we are united as one human being growing in the garden of the universe.",The quiet passage where we meet as one | A silent path where our dreams grow,47.61904761904761,False
cuisine_55_hat_eng,"Diri Blan, Sòs Pwa, Legim Sans lavi chak jou","2. Diri Blan, Sòs Pwa, Legim The essence of everyday life","White Rice, Beans Sauce, Vegetables Without Daily Living","Diri Blan, Sòs Pwa, Legim Sense of Everyday Life","Diri Blan, Sòs Pwa, Legim Sans quotidien","White rice, bean sauce, and vegetables: the essence of daily life | White rice, bean sauce, and vegetables: everyday life itself",76.0,False
ife_47_hat_eng,Kè-m sere.,My heart is so sad.,Close up.,My heart is closed.,My heart is heavy.,I’m heartbroken | My heart is heavy,33.333333333333336,False
ife_362_hat_eng,"Pandanstan, memwa nou se tanzantan l' al fề pyepoudre pou li reparet ak eteisel verite dantan, ki ap t tate matris lepase ak flanbo souvnans.","Meanwhile, our memories jump on a merrygo-round, and trigger a spark which, from time to time, tickle the wombs of the past with its flames.","At the same time, our memory is constantly being moved to the pineapple to repair and reuse the true pineapple, which is the untreated uterine vesicle and flaps of memory.","At the same time, our memories go from time to time to repair themselves with the true essence of the dantan, which treats the unborn womb with flaps of memories.","In the meantime, our memories go from time to time under the tree of life to reappear with a wave of truth that sweeps the unborn womb with flaps of souvenances.","Meanwhile, our memories keep circling back, sparking old truths from time to time | Meanwhile, our memories spin in cycles, rekindling the past with flashes of truth",48.484848484848484,False
ife_37_hat_eng,bonèt lakansyèl,Made soft by fluffy clouds,Rainbow bonnet,The rainbow bonnet,The rainbow bonnet,softened by clouds | cloud-softened,30.76923076923077,False
fanm_49_hat_eng,Petèt li te gen anvi jwenn yon bèl kolaborasyon avèk etranje yo.,"No doubt, she was impa­tient to find a wonderful collaboration on the part of these strangers.",Perhaps he longed for a pleasant collaboration with the aliens.,Perhaps he longed for a pleasant collaboration with the strangers.,Perhaps he longed for a wonderful collaboration with the foreigners.,She was probably eager to work with the foreigners | She likely wanted to team up with the outsiders,51.72413793103448,False
ife_158_hat_eng,"Oumenm, ou di-m: Pwomès ou ap liminen.",You tiptoe And avoid frightening the doe You said your promises Are like candles of hope,"Oumenm, you say to me: Your promises will be fulfilled.",You say to me: Your promises will illuminate.,You say to me: Your promises will illuminate.,You tiptoe so you won’t scare the doe | You said your promises shine like candles of hope,56.88073394495412,False
zile_136_hat_eng,Je-m pantan,My eyes are startled,Je-m pantan,My eyes are drooping,My eyes lurk,I was startled | I was taken aback,45.45454545454546,False
cuisine_100_hat_eng,Prestige Haitian beer,national Haitian beer brand,Prestige Haitian Beer,Prestige Haitian beer,Prestige Haitian beer,A delicious goat stew with soursop juice is always a hit at family or friends’ dinners | A flavorful goat dish served with soursop juice always impresses at a gathering,57.14285714285714,False
cuisine_100_hat_eng,Prestige Haitian beer,national Haitian beer brand,Prestige Haitian Beer,Prestige Haitian beer,Prestige Haitian beer,Haiti’s national beer brand | the national beer of Haiti,57.14285714285714,False
zile_200_hat_eng,Pou Maximilien Laroche,For Maximilien Laroche,Pou Maximilien Laroche,For Maximilien Laroche,To Maximilian Laroche,In honor of Maximilien Laroche | Dedicated to Maximilien Laroche,95.23809523809523,True
expression_50_hat_eng,Pa fè bouch mwen long,don’t make me talk too much,Dont make my mouth long,Don't make my mouth long,Don't make my mouth long,Don’t make me keep talking | Don’t make me go on and on,69.56521739130434,False
ife_237_hat_eng,Tè a tou blan ak lanèj epi li frèt pi mal pase mab.,"One of those sunny, unforgettable Saturdays we used to enjoy back home.",The ground is white with snow and is colder than marble.,The ground is white and snowed and it is colder than marble.,The ground is white and snowed and it is colder than marble.,"One of those bright, unforgettable Saturdays we used to enjoy back home | A sunny, memorable Saturday like the ones we loved back home",46.42857142857143,False
cuisine_85_hat_eng,"Marine moso vyann kochon yo ak ji zoranj, sèl, pwav ak epis santi bon lokal yo.","Marinate the pork pieces with orange juice, salt, pepper and local spices.","Marine pork with orange juice, salt, pepper and local spices.","Marinate the pork pieces with orange juice, salt, pepper and local spices.","Marinate the pork pieces with orange juice, salt, pepper and local spices.",Season the pork with orange juice and spices | Marinate the pork in citrus and local seasonings,70.47619047619047,False
zile_226_hat_eng,Pou koze-m pa vante,to keep my words from going stale,To talk to me without pride,Don't be laughable,Let my words not prevail,to keep my words fresh | to keep my speech from getting stale,52.38095238095239,False
fanm_182_hat_eng,Gouvènè Michaëlle ap gen 2 rezidans ofisyèl :,receive credentials from ambassadors repre­ senting their country in Canada;,Governor Michaëlle will have 2 official residencies :,Governor Michaëlle will have two official residencies:,Governor Michaëlle will have 2 official residences:,Governor Michaëlle will have two official residences | Governor Michaëlle will have two official homes,94.33962264150944,True
proverb_18_hat_eng,Bèl antèman pa vle di paradi.,A nice funeral does not mean access to paradise.,Beautiful burial does not mean paradise.,A beautiful burial does not mean paradise.,A beautiful burial does not mean paradise.,Looks can be deceiving | A fancy send-off doesn’t guarantee a good ending,41.0958904109589,False
fanm_74_hat_eng,Men Sanit te mete fanm sou li pou li pa moli devan blan yo ki t ap tòsyonnen li.,The French soldiers tortured them wit­hout mercy.,Men Sanit placed women on it so that it would not glow in front of the white people who would torment it.,But Sanit had women on her so that she would not shine before the white people who were tormenting her.,But Sanite put women on her so that she would not moan in front of the white people who were tormenting her.,The French soldiers tortured them mercilessly. | The French soldiers showed them no mercy.,44.171779141104295,False
zile_69_hat_eng,sou wòch galèt,on the stones along,on rock biscuits,On a rocky stew,on a rocky stove,along the rocks | over the rocky path,51.85185185185186,False
ife_213_hat_eng,ak rèv mwen an migan,In my dreams smashed into a thousand pieces,And my dream in Migan,With my dreams full of sweetness,With my dreams in a twinkle,my dreams shattered | my dreams fell apart,61.904761904761905,False
proverb_283_hat_eng,"Gen koze, nanpwenn tan.","Much to say, but no time to say it","There's talk, there's no time.","There is talk, there is no time.","There is talk, there is time.","So much to say, but no time | Too much to say, not enough time",54.54545454545454,False
zile_78_hat_eng,Sou tèt sous fanm ou,"by your fountain,",On top of your womans fountain,On top of your woman's fountain,On top of your woman's fountain,at your source | by your spring,48.78048780487805,False
fanm_199_hat_eng,Kenbe fèm!,HOLD ON!,Stand firm!,Be strong!,Be strong!,Stay strong! | Hang in there!,52.63157894736843,False
cuisine_210_hat_eng,Boulèt lam reyèl se yon plat ayisyen popilè.,Boulettes de lame véritable are a popular Haitian dish.,A real blades bullet is a popular Haitian dish.,The real Blade Ball is a popular Haitian dish.,The real Blade Boulette is a popular Haitian dish.,popular Haitian meatballs | a beloved Haitian dish,61.904761904761905,False
proverb_314_hat_eng,Maldjòk papa pa janm geri,The curse of the parents is never eradicated,Dad's milkshake never heals,The bad luck of the father never heals,A father's milkshake never heals,A parent’s curse never fades | A curse from one’s parents never goes away,51.85185185185186,False
proverb_200_hat_eng,Se kouto sèlman ki konnen sa ki nan kè yanm.,Only the knife knows what is in the yam’s heart.,Only knives can know what is in the heart.,Only a knife can know the heart of a lionfish.,Only a knife can know what is in the heart of a lion.,Only the person who cuts it knows what’s inside | Only the one who handles it knows the truth,57.14285714285714,False
cuisine_141_hat_eng,"Kwit farin mayi a ak dlo, sèl ak yon ti bè jiskaske ou jwenn yon teksti krèm.","Cook cornmeal with water, salt and a little butter until creamy.","Cook the corn flour with water, salt and a small amount of butter until you get a creamy texture.","Cook the cornmeal with water, salt and a little butter until you get a creamy texture.","Cook the cornmeal with water, salt and a little butter until you get a creamy texture.",Make creamy cornmeal porridge | Cook the cornmeal until smooth and creamy,49.62406015037594,False
cuisine_119_hat_eng,"sèvi ak diri blan, pou chofe epi jwi!","served with white rice, to warm you up and enjoy!","Use white rice, to warm up and enjoy!","Serve with white rice, to warm and enjoy!","Serve with white rice, to warm and enjoy!",served with white rice to warm you up and enjoy | best enjoyed with white rice to warm you up,86.48648648648648,True
proverb_236_hat_eng,Two vit pa rive.,Too fast does not arrive.,Two fast paces.,Two quick steps do not arrive.,Two quick steps do not arrive.,Haste makes waste | Slow and steady wins the race,53.84615384615385,False
ife_112_hat_eng,"Mven dwe toujou raple-w, se pa pote m ap pote fado a.",I want to remind you that I am not carrying that load.,"I must always remind you, I do not carry the cargo.",I would like to remind you that I do not carry the load.,"I must always remind you, I do not carry the load.",I’m not the one carrying that burden | That’s not my responsibility,48.10126582278481,False
ife_533_hat_eng,Yo tout Se payèt zetwal san limit Pami divès boukèt Nan lavi lanmou nou.,They are twinkling stars In the firmament of our infinite love.,They are all stars without limits Among the various bouquets In our love life.,They are all unlimited stars among the various bouquets In our love life.,They are all unlimited stars among the various bundles of our love life.,They are shining stars in our boundless love | They are stars that sparkle in the sky of our endless love,58.82352941176471,False
fanm_43_hat_eng,pretrès kilt endyen pou divinite Zemès yo;,priestess of Indian cults with the Zem divini­ties;,Indian cult priestesses for the goddess Zeus;,priestesses of Indian cults for the deities of Zemes;,priestesses of Indian cults for the gods Zemes;,priestess of the Zem divinities | priestess of the Indian cults of Zem,57.77777777777777,False
ife_70_hat_eng,Semans wongòl,Scattering our seeds to the four winds,Tangle Seed,Angolan Seeds,Angole Seed,spreading ourselves thin | scattering our efforts everywhere,54.54545454545454,False
proverb_217_hat_eng,"Sòt pa touye-w, men li fè ou swe.","Stupid does not kill you, but it makes you sweat.","Stuff doesn't kill you, but it makes you sweat.","Silly doesn't kill you, but it makes you sweat.","Silly doesn't kill you, but it makes you sweat.","Foolishness won’t kill you, but it will make you work for it | Dumb mistakes don’t kill you, but they sure make life harder",70.2127659574468,False
ife_468_hat_eng,Sepandan anpeche nou poze kesyon kou:« Poukisa se mwen sa ap rive?”,"and we cant help asking: ""Why me?""","However, this prevents us from asking the question of course:  Why is this happening to me?","However, this does not prevent us from asking ourselves: Why is this happening to me?","However, this does not prevent us from asking the question: Why is this happening to me?",Why me? | Why is this happening to me?,88.57142857142857,True
zile_77_hat_eng,nan glise arebò pafouten lonbrit ou je-m fè youn lalad,to slide around the sideburns of your navel my eyes promenade,In the slippery slope of faulty lumbar or eye-m making one lalad,"In the slippery slope of your flawless shelter, my eyes slide like a song","In the slippery slope of your flawless shadow, my eyes cling to the sound of a song",to flirt shamelessly | to make a bold pass,42.85714285714286,False
zile_55_hat_eng,N'ap tann septanm,We're waiting for September,Waiting for September,We wait for September,We await September,We’re looking forward to September | September can’t come soon enough,66.66666666666667,False
ife_123_hat_eng,"Se pou rezon sa a ak anpil òt ankò, map ba-w tout ankourajaman w bezwen pou lanmou djougans nou kab pran rasin dejou-an-jou nan lizyè laj majè nou.","For that reason, I am giving you all the encouragement you need and by the same token, ensure that our love will grow stronger day by day.","That is why, with so many hobbies yet to come, the map gives you all the encouragement you need for your youthful love to take root day-to-day in our broad age range.","It is for this reason, and for many years to come, that the map gives you all the encouragement you need so that our joyful love can take root day-to-day on the frontier of our adulthood.","That is why, with a lot of hope, I will give you all the encouragement you need so that our joyful love can take root day by day on the edge of our majestic age.","For that reason, I’m giving you all the encouragement you need so our love can keep growing stronger day by day. | That’s why I’m offering you all the support you need, so our love will continue to deepen day by day.",57.35849056603774,False
fanm_67_hat_eng,anpil nèg te deside vanje lanmò sa a.,Many wanted to avenge her death.,Many fellows have decided to avenge this death.,Many men decided to avenge this death.,Many men decided to avenge this death.,Many people wanted revenge for her death | A lot of people wanted to avenge her death,62.16216216216216,False
ife_617_hat_eng,"Konsa tou, chak fwa younn nan nou fè youn pa nan direksyon limye, se chemen li ap trase pou sila yo ki nan wout ap suiv li.",all of us fall victims to the chaos that results.,"In the same way, whenever one of us steps in the direction of the lights, the path is drawn so that the signals in the way will follow it.","In the same way, whenever one of us steps in the direction of the light, the path is being drawn for those who are on the way to follow him.","In the same way, whenever one of us takes a step in the direction of the light, it is the path he is drawing for those who are on the way who follow him.",We all end up caught in the chaos it creates. | We all become victims of the disorder that follows.,47.398843930635834,False
proverb_82_hat_eng,Fòk ou pèdi tan pou ou gen tan.,You need to lose time in order to have time.,You have to waste time to have time.,You must waste time in order to have time.,You have to waste time to have time.,You have to slow down to get things done | Sometimes you need to waste time to save time,87.32394366197182,True
ife_163_hat_eng,San youn plim je-n pa rache,Without tearing out Even one hair,"Without one pen, Im not hacked","Without a pen, our eyes do not tear.","Without a pen, our eyes do not tear",without a scratch | unscathed,51.85185185185186,False
fanm_240_hat_eng,"Nan jaden Primati a, gen yon gwo kan refijye.","In the garden of the Prime Minister, there is a large refugee camp.","In the Primati garden, there is a large refugee camp.","In the garden of Primati, there is a large refugee camp.","In the garden of Primati, there is a large refugee camp.",There’s a big refugee camp in the Prime Minister’s backyard | The Prime Minister’s place has become a refugee camp,62.264150943396224,False
cuisine_33_hat_eng,brinjal,Brinjal,Brinjal,beard,brunch,eggplant | aubergine,57.14285714285714,False
zile_202_hat_eng,Anba pye Makennzi King,"At the foot of Mackenzie King,",At Makennzi Kings Feet,Under the feet of Makennzi King,Under the feet of Mackenzie King,at Mackenzie King’s place | under Mackenzie King’s authority,80.95238095238095,True
proverb_68_hat_eng,"Douz metye, trèz mizè.","Twelve trades, thirteen miseries.","Twelve tradesmen, thirteen misers.","Twelve craftsmen, thirteen misfortunes.","Twelve crafts, thirteen misfortunes.","Jack of all trades, master of none | A little bit of everything, but nothing well",46.666666666666664,False
