src_text,reference,prompt,prediction
epina,Spinach,"
French: On ne souffre pas de ce qu’on ignore.
English: Far from the eyes, far from the heart.

Spanish: Buenos dias
English: Good morning


Haitian Creole:
epina

English:

",English: spinach
Epi li renmen Ayiti.,She loves Haiti.,"
French: On ne souffre pas de ce qu’on ignore.
English: Far from the eyes, far from the heart.

Spanish: Buenos dias
English: Good morning


Haitian Creole:
Epi li renmen Ayiti.

English:

",English: And he/she loves Haiti.
Sitwonad,lemonade,"
French: On ne souffre pas de ce qu’on ignore.
English: Far from the eyes, far from the heart.

Spanish: Buenos dias
English: Good morning


Haitian Creole:
Sitwonad

English:

",English: Lemonade
"Yon bon kabrit nan sòs, akonpaye pa yon vè ji soursop, toujou lakòz yon sansasyon pandan yon dine ak fanmi oswa zanmi.","A good kid in sauce, accompanied by a glass of soursop juice, always makes a sensation at a dinner with family or friends.","
French: On ne souffre pas de ce qu’on ignore.
English: Far from the eyes, far from the heart.

Spanish: Buenos dias
English: Good morning


Haitian Creole:
Yon bon kabrit nan sòs, akonpaye pa yon vè ji soursop, toujou lakòz yon sansasyon pandan yon dine ak fanmi oswa zanmi.

English:

","English: A good goat in sauce, accompanied by a glass of soursop juice, always causes a sensation during a dinner with family or friends."
"bòt nan pye, kas nan tèt, pèl, pikwa, bouwèt;","boots, helmets, shovels, pickaxes, wheelbarrows ...","
French: On ne souffre pas de ce qu’on ignore.
English: Far from the eyes, far from the heart.

Spanish: Buenos dias
English: Good morning


Haitian Creole:
bòt nan pye, kas nan tèt, pèl, pikwa, bouwèt;

English:

","English: boots on feet, helmet on head, shovel, pickaxe, wheelbarrow"
Poutan Latibonit degoute tak Lagrandans akoukouman nan kalbas,But still the Artibonite River drips like a tap the Grandanse River curls up inside a calabash,"
French: On ne souffre pas de ce qu’on ignore.
English: Far from the eyes, far from the heart.

Spanish: Buenos dias
English: Good morning


Haitian Creole:
Poutan Latibonit degoute tak Lagrandans akoukouman nan kalbas

English:

","English: **The Artibonite plain is disgusted by the Grande-Anse’s boastful display in a calabash.**

If you want, I can also help make it more natural or explain the proverb’s meaning."
toupatou kote lavi ak lanmò ap twoke kòn,everywhere life and death are locking horns,"
French: On ne souffre pas de ce qu’on ignore.
English: Far from the eyes, far from the heart.

Spanish: Buenos dias
English: Good morning


Haitian Creole:
toupatou kote lavi ak lanmò ap twoke kòn

English:

","English: Everywhere, where life and death are locking horns."
yo te deplase Toya pou voye li ale sou bitasyon Kolon Delije.,Toya was sent to settler Delije's dwelling .,"
French: On ne souffre pas de ce qu’on ignore.
English: Far from the eyes, far from the heart.

Spanish: Buenos dias
English: Good morning


Haitian Creole:
yo te deplase Toya pou voye li ale sou bitasyon Kolon Delije.

English:

",English: They moved Toya to send her away to the Colon Delije plantation.
Li pa te danse kole avèk yo.,From Ounaminthe Charlemagne got transfered to a jail in Cap.,"
French: On ne souffre pas de ce qu’on ignore.
English: Far from the eyes, far from the heart.

Spanish: Buenos dias
English: Good morning


Haitian Creole:
Li pa te danse kole avèk yo.

English:

",English: **He/She did not dance closely with them.**
Se te nan lannuit 31 oktòb / 1 novanm 1919.,"Charlemagne died on the spot between the night of octiber 31st and november 1st, 1919.","
French: On ne souffre pas de ce qu’on ignore.
English: Far from the eyes, far from the heart.

Spanish: Buenos dias
English: Good morning


Haitian Creole:
Se te nan lannuit 31 oktòb / 1 novanm 1919.

English:

","English: It was on the night of October 31 / November 1, 1919."
"Jou sa a, se fyète nasyonal la ki te anba plant pye nou.",The pride of Haitians was at its lowest on that day.,"
French: On ne souffre pas de ce qu’on ignore.
English: Far from the eyes, far from the heart.

Spanish: Buenos dias
English: Good morning


Haitian Creole:
Jou sa a, se fyète nasyonal la ki te anba plant pye nou.

English:

","English: **That day, national pride was under our feet.**"
Leyanda sòti anba dekonm yo san yon ti blese.,Leyanda emerged from the rubble unharmed.,"
French: On ne souffre pas de ce qu’on ignore.
English: Far from the eyes, far from the heart.

Spanish: Buenos dias
English: Good morning


Haitian Creole:
Leyanda sòti anba dekonm yo san yon ti blese.

English:

",English: **Leyanda came out from under the rubble without a scratch.**
Nou te chita kotakot sou kanape a.,I was at your house sitting next to you on the love seat.,"
French: On ne souffre pas de ce qu’on ignore.
English: Far from the eyes, far from the heart.

Spanish: Buenos dias
English: Good morning


Haitian Creole:
Nou te chita kotakot sou kanape a.

English:

",English: We sat side by side on the couch.
Fanm pote lavi,Women carry life,"
French: On ne souffre pas de ce qu’on ignore.
English: Far from the eyes, far from the heart.

Spanish: Buenos dias
English: Good morning


Haitian Creole:
Fanm pote lavi

English:

",English: Women bring life
Resèt rapid pou bannann peze:,Quick recipe for fried plantain:,"
French: On ne souffre pas de ce qu’on ignore.
English: Far from the eyes, far from the heart.

Spanish: Buenos dias
English: Good morning


Haitian Creole:
Resèt rapid pou bannann peze:

English:

",English: Quick recipe for fried plantains:
"Nou te rete chita arebò tab la, se Vre, men nou te gen chans reviv bèl sezon adolesans nou yo.","Sitting at the table, we both had a chance to relive the beautiful seasons of our adolescence.","
French: On ne souffre pas de ce qu’on ignore.
English: Far from the eyes, far from the heart.

Spanish: Buenos dias
English: Good morning


Haitian Creole:
Nou te rete chita arebò tab la, se Vre, men nou te gen chans reviv bèl sezon adolesans nou yo.

English:

","English: We sat by the side of the table, it’s true, but we were lucky to relive the beautiful seasons of our adolescence."
lavi gen enpas.,the road to lile is full of obstacles.,"
French: On ne souffre pas de ce qu’on ignore.
English: Far from the eyes, far from the heart.

Spanish: Buenos dias
English: Good morning


Haitian Creole:
lavi gen enpas.

English:

",English: Life has dead ends.
"Si ou manje bouji, fòk ou poupou mèch.","If you eat a candle, you must poop the wick.","
French: On ne souffre pas de ce qu’on ignore.
English: Far from the eyes, far from the heart.

Spanish: Buenos dias
English: Good morning


Haitian Creole:
Si ou manje bouji, fòk ou poupou mèch.

English:

","English: If you eat a candle, you have to poop the wick."
"Nan lane 1973, Ertha te marye avèk Ernst Trouillot yon gran avoka, ekriven, jounalis. Li gen yon pitit fi.","In 1973, Ertha married Ernst Trouillot, a great lawyer, writer, journalist, and a daughter was born through this union.","
French: On ne souffre pas de ce qu’on ignore.
English: Far from the eyes, far from the heart.

Spanish: Buenos dias
English: Good morning


Haitian Creole:
Nan lane 1973, Ertha te marye avèk Ernst Trouillot yon gran avoka, ekriven, jounalis. Li gen yon pitit fi.

English:

","In 1973, Ertha married Ernst Trouillot, a prominent lawyer, writer, and journalist. She has one daughter."
fèy fenugreek,Fenugreek Leaf,"
French: On ne souffre pas de ce qu’on ignore.
English: Far from the eyes, far from the heart.

Spanish: Buenos dias
English: Good morning


Haitian Creole:
fèy fenugreek

English:

",English: fenugreek leaves
"""Je pa wè, kè pa tounen.""","Far from the eyes, far from the heart","
French: On ne souffre pas de ce qu’on ignore.
English: Far from the eyes, far from the heart.

Spanish: Buenos dias
English: Good morning


Haitian Creole:
""Je pa wè, kè pa tounen.""

English:

","English: Out of sight, out of mind."
"Anfet, nou konnen nou p ap janm rive reyalize tout rèv nou, paske nou pa ka rive menm wotè ak lapèfeksyon.",We will not realise all our dreams that's a fact.,"
French: On ne souffre pas de ce qu’on ignore.
English: Far from the eyes, far from the heart.

Spanish: Buenos dias
English: Good morning


Haitian Creole:
Anfet, nou konnen nou p ap janm rive reyalize tout rèv nou, paske nou pa ka rive menm wotè ak lapèfeksyon.

English:

","English: **Indeed, we know we will never achieve all our dreams, because we cannot reach the height of perfection.**"
"Si nou aksepte viv youn lavi depaman pandan tout tan sa a, se paske nou gen katafal rèv nou vle bati ansanm.",I know temptation is an open trap waiting for all the lovers who shun their responsibilities.,"
French: On ne souffre pas de ce qu’on ignore.
English: Far from the eyes, far from the heart.

Spanish: Buenos dias
English: Good morning


Haitian Creole:
Si nou aksepte viv youn lavi depaman pandan tout tan sa a, se paske nou gen katafal rèv nou vle bati ansanm.

English:

","English: If we accept living separate lives all this time, it is because we have the framework of a dream we want to build together."
Fry jiskaske lò mawon.,Fry until golden brown.,"
French: On ne souffre pas de ce qu’on ignore.
English: Far from the eyes, far from the heart.

Spanish: Buenos dias
English: Good morning


Haitian Creole:
Fry jiskaske lò mawon.

English:

",English: Fry until golden brown.
Lalo Epina ayisyen,Lalo Haitian Spinach,"
French: On ne souffre pas de ce qu’on ignore.
English: Far from the eyes, far from the heart.

Spanish: Buenos dias
English: Good morning


Haitian Creole:
Lalo Epina ayisyen

English:

","Haitian Creole: **Lalo epina ayisyen**  
English: **Haitian spinach**"
"se la jeneral Jan Jak Desalin ansanm avèk lòt chèf ki te ak li yo te kreye drapo peyi a, pandan yo t ap òganize yon kongrè.","Grann Giton May 18, 1803, in a small town near the village of Arcahaie, called Merotte, General Jean Jacques Dessalines and other chiefs who accompanied him, reated the national flag during a congress.","
French: On ne souffre pas de ce qu’on ignore.
English: Far from the eyes, far from the heart.

Spanish: Buenos dias
English: Good morning


Haitian Creole:
se la jeneral Jan Jak Desalin ansanm avèk lòt chèf ki te ak li yo te kreye drapo peyi a, pandan yo t ap òganize yon kongrè.

English:

","English:  
It was there that General Jean-Jacques Dessalines, along with the other leaders who were with him, created the country’s flag while they were organizing a congress."
Flè solèy fèmen bèldriv,The sunflower closed down long ago,"
French: On ne souffre pas de ce qu’on ignore.
English: Far from the eyes, far from the heart.

Spanish: Buenos dias
English: Good morning


Haitian Creole:
Flè solèy fèmen bèldriv

English:

","English: Sunflowers close at dusk

If you want, I can also help translate the Haitian Creole phrase more literally or check whether **“bèldriv”** is the intended word."
"""Chak fou gen mawòt li""",Every fool has his hobby,"
French: On ne souffre pas de ce qu’on ignore.
English: Far from the eyes, far from the heart.

Spanish: Buenos dias
English: Good morning


Haitian Creole:
""Chak fou gen mawòt li""

English:

",English: Every fool has his own cap.
Souke tèt pa kase kou.,To shake the head won't break the neck.,"
French: On ne souffre pas de ce qu’on ignore.
English: Far from the eyes, far from the heart.

Spanish: Buenos dias
English: Good morning


Haitian Creole:
Souke tèt pa kase kou.

English:

",English: **Shaking your head does not break your neck.**
Li te blese byen grav pou li mouri.,"Severely injured, she was on the verge of death.","
French: On ne souffre pas de ce qu’on ignore.
English: Far from the eyes, far from the heart.

Spanish: Buenos dias
English: Good morning


Haitian Creole:
Li te blese byen grav pou li mouri.

English:

",English: **He was injured so badly that he died.**
"yon asyèt Diri Shela,","a plate of Diri Shela,","
French: On ne souffre pas de ce qu’on ignore.
English: Far from the eyes, far from the heart.

Spanish: Buenos dias
English: Good morning


Haitian Creole:
yon asyèt Diri Shela,

English:

",English: a plate of Shela rice
"Katrin Flon, yon fanm zansèt Yo toujou asosye Katrin Flon ak kreyasyon drapo a jan nou wè sa.","At that time, it represented the union of blacks and mulattoes.","
French: On ne souffre pas de ce qu’on ignore.
English: Far from the eyes, far from the heart.

Spanish: Buenos dias
English: Good morning


Haitian Creole:
Katrin Flon, yon fanm zansèt Yo toujou asosye Katrin Flon ak kreyasyon drapo a jan nou wè sa.

English:

","English:  
Katrin Flon, an ancestral woman. People still associate Katrin Flon with the creation of the flag as we see it."
"Mwen dako. Pa fatige ou,",I agree. Dont worry about me.,"
French: On ne souffre pas de ce qu’on ignore.
English: Far from the eyes, far from the heart.

Spanish: Buenos dias
English: Good morning


Haitian Creole:
Mwen dako. Pa fatige ou,

English:

",English: I agree. Don’t tire yourself out.
Se kòmsi li vle al poze men-l nan matris solèy ki kouri louvrije-l nan mitan nyaj pou kabre danje,"It's as though it went after the sun which, fecling threatened to refuge behind a light cloud.","
French: On ne souffre pas de ce qu’on ignore.
English: Far from the eyes, far from the heart.

Spanish: Buenos dias
English: Good morning


Haitian Creole:
Se kòmsi li vle al poze men-l nan matris solèy ki kouri louvrije-l nan mitan nyaj pou kabre danje

English:

","English: It’s as if he wants to go and place his hand in the womb of the sun, which runs to open itself among the clouds to ward off danger."
èd-kasik nan Zaragwa.,Cacique assistant to Xaragua.,"
French: On ne souffre pas de ce qu’on ignore.
English: Far from the eyes, far from the heart.

Spanish: Buenos dias
English: Good morning


Haitian Creole:
èd-kasik nan Zaragwa.

English:

","English: **Help me out in Zaragwa.**

If you want, I can also help check whether **“èd-kasik”** is the correct Haitian Creole spelling/meaning in this context."
Pale anpil fè kont,dispute,"
French: On ne souffre pas de ce qu’on ignore.
English: Far from the eyes, far from the heart.

Spanish: Buenos dias
English: Good morning


Haitian Creole:
Pale anpil fè kont

English:

",English: Talking too much leads to trouble.
"Moun ki te konnen li di se te yon adolesan pezib, trankil, ki te renmen solitid.",People who knew her said that Ertha was a calm and quiet teenager who liked soli­ tude.,"
French: On ne souffre pas de ce qu’on ignore.
English: Far from the eyes, far from the heart.

Spanish: Buenos dias
English: Good morning


Haitian Creole:
Moun ki te konnen li di se te yon adolesan pezib, trankil, ki te renmen solitid.

English:

","English:  
People who knew him said he was a peaceful, quiet teenager who liked solitude."
Anriyèt Senmak,Henriette Saint-Marc,"
French: On ne souffre pas de ce qu’on ignore.
English: Far from the eyes, far from the heart.

Spanish: Buenos dias
English: Good morning


Haitian Creole:
Anriyèt Senmak

English:

",English: Henrietta Saint-Marc
"Premye kadè nou nan Randolph Avni, se te eskonbrit souf nou dekoupe ak sakad ritme kò nou nan melodi frison vwa ou ki te vle vare sou somèy Inosans.","Breathless, we arrived at Cité Randolph our bodies trembling with pent-up pleasure and our voices full of joyful notes that could awaken the innocent.","
French: On ne souffre pas de ce qu’on ignore.
English: Far from the eyes, far from the heart.

Spanish: Buenos dias
English: Good morning


Haitian Creole:
Premye kadè nou nan Randolph Avni, se te eskonbrit souf nou dekoupe ak sakad ritme kò nou nan melodi frison vwa ou ki te vle vare sou somèy Inosans.

English:

","English:

Our first encounter on Randolph Avenue was a commotion, our breath cut short, our bodies jolted in rhythm to the melody of your voice, which seemed ready to crash into the sleep of Innocence."
"La, li jwenn anviwon 200 prizonye ki t ap travay nan yon chantye pou fè wout. Li diskite avèk yo.",he invited 200 prisoners to follow him in the mountains.,"
French: On ne souffre pas de ce qu’on ignore.
English: Far from the eyes, far from the heart.

Spanish: Buenos dias
English: Good morning


Haitian Creole:
La, li jwenn anviwon 200 prizonye ki t ap travay nan yon chantye pou fè wout. Li diskite avèk yo.

English:

","English:  
There, he found about 200 prisoners who were working on a road construction site. He talked with them."
Tanga pi rèd pase rad.,Old clothes are better than Sunday best.,"
French: On ne souffre pas de ce qu’on ignore.
English: Far from the eyes, far from the heart.

Spanish: Buenos dias
English: Good morning


Haitian Creole:
Tanga pi rèd pase rad.

English:

",English: **Clothes are harder to tear than skin.**
Ti pwason swiv kouran.,People are shaped by the world around them.,"
French: On ne souffre pas de ce qu’on ignore.
English: Far from the eyes, far from the heart.

Spanish: Buenos dias
English: Good morning


Haitian Creole:
Ti pwason swiv kouran.

English:

",English: Little fish follow the current.
li gen pou l' blayi.,"Whatever the dream, Soul, if it starts off on the wrong path, it will fall by the wayside. I am slow, it's true. No one can build a dream in the space of a heartbeat.","
French: On ne souffre pas de ce qu’on ignore.
English: Far from the eyes, far from the heart.

Spanish: Buenos dias
English: Good morning


Haitian Creole:
li gen pou l' blayi.

English:

","English: **He has to spread out.**  

If you want, I can also help translate it more naturally depending on context, since **“blayi”** can mean **to spread out / unfold / lie flat**."
Madichon pa pè nan nwit.,Badluck/evil spell isn't afraid at night.,"
French: On ne souffre pas de ce qu’on ignore.
English: Far from the eyes, far from the heart.

Spanish: Buenos dias
English: Good morning


Haitian Creole:
Madichon pa pè nan nwit.

English:

",English: **A curse is not afraid of the night.**
Chak fwa koze sa yo klere lespri mwen.gen youn lide ki louvri je mwen sou divès etap nou pase sou wout lavi nou.,Each time these words illuminate my spirit a stream of ideas opens my eyes on the road we have travelled so far.,"
French: On ne souffre pas de ce qu’on ignore.
English: Far from the eyes, far from the heart.

Spanish: Buenos dias
English: Good morning


Haitian Creole:
Chak fwa koze sa yo klere lespri mwen.gen youn lide ki louvri je mwen sou divès etap nou pase sou wout lavi nou.

English:

","English: Every time these words illuminate my mind, I have an idea that opens my eyes to the various stages we go through on the road of our lives."
Lenj sal lave an fanmi,don’t put your business out there,"
French: On ne souffre pas de ce qu’on ignore.
English: Far from the eyes, far from the heart.

Spanish: Buenos dias
English: Good morning


Haitian Creole:
Lenj sal lave an fanmi

English:

","English: **Dirty laundry washed at home**  
or more naturally: **Family matters should be kept private.**

If you want, I can also help translate the Haitian Creole phrase more literally and explain the proverb."
Bèl dan pa vle di zanmi : dan pa kè.,Beautiful smiles do not mean friends: smiles are not the heart.,"
French: On ne souffre pas de ce qu’on ignore.
English: Far from the eyes, far from the heart.

Spanish: Buenos dias
English: Good morning


Haitian Creole:
Bèl dan pa vle di zanmi : dan pa kè.

English:

",English: A pretty smile doesn’t mean friendship: teeth are not the heart.
BÈLDRIV,LONG AGO,"
French: On ne souffre pas de ce qu’on ignore.
English: Far from the eyes, far from the heart.

Spanish: Buenos dias
English: Good morning


Haitian Creole:
BÈLDRIV

English:

",English: Beautiful dream
"Men, rive Etazini, grann nan vin agrandi fanmi an.","But on arrival in the United States, the grandmother came to expand the family.","
French: On ne souffre pas de ce qu’on ignore.
English: Far from the eyes, far from the heart.

Spanish: Buenos dias
English: Good morning


Haitian Creole:
Men, rive Etazini, grann nan vin agrandi fanmi an.

English:

","English: But upon arriving in the United States, the grandmother expanded the family."
"Pi bèl amoni an, se amoni ou kreye anndan pwòp tèt ou pandan ou ap analize tout aksyon ou ansanm ak tout kalite pawòl ki abitye soti nan bouch ou.",The most meaningful harmony is born from you when you reflect on all of your actions and of all the words you utter.,"
French: On ne souffre pas de ce qu’on ignore.
English: Far from the eyes, far from the heart.

Spanish: Buenos dias
English: Good morning


Haitian Creole:
Pi bèl amoni an, se amoni ou kreye anndan pwòp tèt ou pandan ou ap analize tout aksyon ou ansanm ak tout kalite pawòl ki abitye soti nan bouch ou.

English:

","The most natural English translation is:

**The greatest harmony is the harmony you create within yourself as you examine all your actions and all the kinds of words that usually come out of your mouth.**

If you want, I can also make it sound more **poetic**, **natural**, or **simpler** in English."
"Anriyèt deside pase yon kwa sou tout kalite sa yo,",Henriette decided to  set aside these fine qualities.,"
French: On ne souffre pas de ce qu’on ignore.
English: Far from the eyes, far from the heart.

Spanish: Buenos dias
English: Good morning


Haitian Creole:
Anriyèt deside pase yon kwa sou tout kalite sa yo,

English:

",English: Henriette decided to put an end to all that kind of thing.
"Nan bay kout men, ou jwenn kout pye","You give a hand, but [you may] get kicked out.","
French: On ne souffre pas de ce qu’on ignore.
English: Far from the eyes, far from the heart.

Spanish: Buenos dias
English: Good morning


Haitian Creole:
Nan bay kout men, ou jwenn kout pye

English:

",English: **No good deed goes unpunished.**
mayi,Corn,"
French: On ne souffre pas de ce qu’on ignore.
English: Far from the eyes, far from the heart.

Spanish: Buenos dias
English: Good morning


Haitian Creole:
mayi

English:

",English: corn
Ou konn kouri ou pa konn kache,A guilty person will be caught sooner or later,"
French: On ne souffre pas de ce qu’on ignore.
English: Far from the eyes, far from the heart.

Spanish: Buenos dias
English: Good morning


Haitian Creole:
Ou konn kouri ou pa konn kache

English:

","English: You know how to run, but you don’t know how to hide."
Ougan pa janm geri maleng li.,The ‘ougan’ (Medecine Man) never cures his own illness.,"
French: On ne souffre pas de ce qu’on ignore.
English: Far from the eyes, far from the heart.

Spanish: Buenos dias
English: Good morning


Haitian Creole:
Ougan pa janm geri maleng li.

English:

",English: A healer never heals his own wounds.
Souke kò ou.,Wake up!,"
French: On ne souffre pas de ce qu’on ignore.
English: Far from the eyes, far from the heart.

Spanish: Buenos dias
English: Good morning


Haitian Creole:
Souke kò ou.

English:

",English: **Shake your body.**
Yo te antere kadav la ak gran sekrè nan Chabè toupre Twoudinò.,Burried in a secret place at « Chabert » clost to the » Trou du Nord ».,"
French: On ne souffre pas de ce qu’on ignore.
English: Far from the eyes, far from the heart.

Spanish: Buenos dias
English: Good morning


Haitian Creole:
Yo te antere kadav la ak gran sekrè nan Chabè toupre Twoudinò.

English:

",English: They buried the body in great secrecy in Chabè near Troudinò.
"maladi,","sickness,","
French: On ne souffre pas de ce qu’on ignore.
English: Far from the eyes, far from the heart.

Spanish: Buenos dias
English: Good morning


Haitian Creole:
maladi,

English:

",English: **illness** / **disease** / **sickness**
"Sepandan, ou pa dwe janm bliye sa, jounen jodi a, se twa timounn yo ak mwen, nou kat la ki pran nan eto.","However, never forget the four of us, you, myself, the children we are in a squeeze.","
French: On ne souffre pas de ce qu’on ignore.
English: Far from the eyes, far from the heart.

Spanish: Buenos dias
English: Good morning


Haitian Creole:
Sepandan, ou pa dwe janm bliye sa, jounen jodi a, se twa timounn yo ak mwen, nou kat la ki pran nan eto.

English:

","English: **However, you must never forget this: today, it is the three children and me — the four of us — who are taking it in turns.**"
Tete pa janm twò lou pou mèt li.,Breasts are never heavy for their owner.,"
French: On ne souffre pas de ce qu’on ignore.
English: Far from the eyes, far from the heart.

Spanish: Buenos dias
English: Good morning


Haitian Creole:
Tete pa janm twò lou pou mèt li.

English:

",English: **No burden is too heavy for its owner.**
mwen te pran chans mande ou youn prenmye bo pou nou te sele ako sekrè nou te siyen ant nou de a.,I ventured to ask for that first kiss that would seal the secret pact we had made.,"
French: On ne souffre pas de ce qu’on ignore.
English: Far from the eyes, far from the heart.

Spanish: Buenos dias
English: Good morning


Haitian Creole:
mwen te pran chans mande ou youn prenmye bo pou nou te sele ako sekrè nou te siyen ant nou de a.

English:

",English: I took a chance and asked you for a first kiss so we could seal the secret agreement we had signed between the two of us.
Lè fanm ap goumen,When a woman fights,"
French: On ne souffre pas de ce qu’on ignore.
English: Far from the eyes, far from the heart.

Spanish: Buenos dias
English: Good morning


Haitian Creole:
Lè fanm ap goumen

English:

","English: When women are fighting

If you want, I can also help refine the Haitian Creole phrase depending on the intended meaning."
"Wi yo vle travay,","Yes, they want to work.","
French: On ne souffre pas de ce qu’on ignore.
English: Far from the eyes, far from the heart.

Spanish: Buenos dias
English: Good morning


Haitian Creole:
Wi yo vle travay,

English:

","English: Yes, they want to work."
trase chema fedatifis,the course of fireworks,"
French: On ne souffre pas de ce qu’on ignore.
English: Far from the eyes, far from the heart.

Spanish: Buenos dias
English: Good morning


Haitian Creole:
trase chema fedatifis

English:

",English: **draw the fireworks pattern**
resevwa lèt kreyans anbasadè ki vin reprezante peyi yo nan Kanada;,"preside over the swearing-in ceremony of the Prime Minister, the President of the Supreme Court, the Council of Ministers;","
French: On ne souffre pas de ce qu’on ignore.
English: Far from the eyes, far from the heart.

Spanish: Buenos dias
English: Good morning


Haitian Creole:
resevwa lèt kreyans anbasadè ki vin reprezante peyi yo nan Kanada;

English:

",English: **receive the letters of credence of ambassadors who come to represent their countries in Canada**
pou yon pi bèl viktwa pi devan!,"Without resting, carry our flag high, go to vic­tory!","
French: On ne souffre pas de ce qu’on ignore.
English: Far from the eyes, far from the heart.

Spanish: Buenos dias
English: Good morning


Haitian Creole:
pou yon pi bèl viktwa pi devan!

English:

",English: **For a greater victory ahead!**
"fwa sa a, pou nou pèmèt reyalizasyon nou yo rete entak.",We should strive to keep our achievement intact–,"
French: On ne souffre pas de ce qu’on ignore.
English: Far from the eyes, far from the heart.

Spanish: Buenos dias
English: Good morning


Haitian Creole:
fwa sa a, pou nou pèmèt reyalizasyon nou yo rete entak.

English:

","English: **This time, let us allow our achievements to remain intact.**"
plat sa a konbine gou sansib nan poul ak gou kroustiyan ak yon ti kras dous nan nwa kajou.,this dish combines the tender taste of chicken with the crunchy and slightly sweet flavor of cashew nuts.,"
French: On ne souffre pas de ce qu’on ignore.
English: Far from the eyes, far from the heart.

Spanish: Buenos dias
English: Good morning


Haitian Creole:
plat sa a konbine gou sansib nan poul ak gou kroustiyan ak yon ti kras dous nan nwa kajou.

English:

",English: This dish combines the tender flavor of chicken with the crunchy and slightly sweet taste of cashews.
"pa janm sispann etone ak richès kiltirèl li yo,","never ceases to amaze with its cultural richness,","
French: On ne souffre pas de ce qu’on ignore.
English: Far from the eyes, far from the heart.

Spanish: Buenos dias
English: Good morning


Haitian Creole:
pa janm sispann etone ak richès kiltirèl li yo,

English:

",English: **It never ceases to amaze with its cultural richness.**
Lis 25 pi bon plat ayisyen an 2025:,List of the 25 Best Haitian Dishes in 2025:,"
French: On ne souffre pas de ce qu’on ignore.
English: Far from the eyes, far from the heart.

Spanish: Buenos dias
English: Good morning


Haitian Creole:
Lis 25 pi bon plat ayisyen an 2025:

English:

","Haitian Creole:  
Lis 25 pi bon plat ayisyen an 2025:

English:  
List of the 25 best Haitian dishes in 2025:"
"Fè nèg byen, se bay Bondye.",Do not necessarily expect to be rewarded on earth,"
French: On ne souffre pas de ce qu’on ignore.
English: Far from the eyes, far from the heart.

Spanish: Buenos dias
English: Good morning


Haitian Creole:
Fè nèg byen, se bay Bondye.

English:

","English: **Do good to others, and God will reward you.**"
"Malgre pyes mounn pa te vann nou li,","It was ours,","
French: On ne souffre pas de ce qu’on ignore.
English: Far from the eyes, far from the heart.

Spanish: Buenos dias
English: Good morning


Haitian Creole:
Malgre pyes mounn pa te vann nou li,

English:

","English: **Although no one sold it to us,**"
"ou va santi, mwenimenl tou, mwen rantre nan ri ansanm avèk ou.",you will feel that I too will be shaken by the contagion of spirit shall free itself from the bonds of suffering and you shall our laughter.,"
French: On ne souffre pas de ce qu’on ignore.
English: Far from the eyes, far from the heart.

Spanish: Buenos dias
English: Good morning


Haitian Creole:
ou va santi, mwenimenl tou, mwen rantre nan ri ansanm avèk ou.

English:

","English: **You will feel it, I’ll go with you too, I entered the street together with you.**

If you want, I can also help **clean up the Haitian Creole sentence** and give a more natural English translation."
• Prezidan Konsèy Administrasyon Enstiti Wotzetid Kebèk nan Inivèsite Laval (Oktòb 2010).,"• Special Envoy for UNESCO in HAITI (October 1, 2010);","
French: On ne souffre pas de ce qu’on ignore.
English: Far from the eyes, far from the heart.

Spanish: Buenos dias
English: Good morning


Haitian Creole:
• Prezidan Konsèy Administrasyon Enstiti Wotzetid Kebèk nan Inivèsite Laval (Oktòb 2010).

English:

",English: President of the Board of Directors of the Quebec Institute of Higher Studies at Laval University (October 2010).
Pou Hugues Lamour ak Garry Gauthier,For Hugues Lamou and Garry Gauthier,"
French: On ne souffre pas de ce qu’on ignore.
English: Far from the eyes, far from the heart.

Spanish: Buenos dias
English: Good morning


Haitian Creole:
Pou Hugues Lamour ak Garry Gauthier

English:

",English: To Hugues Lamour and Garry Gauthier
Mèt kò pa grate kò,You always need someone else to help you.,"
French: On ne souffre pas de ce qu’on ignore.
English: Far from the eyes, far from the heart.

Spanish: Buenos dias
English: Good morning


Haitian Creole:
Mèt kò pa grate kò

English:

","English: **Every man for himself**  
or more literally: **No one scratches your body better than yourself**."
Koulèv ki vle gwo rete nan trou-l.,The snake that wants to get big stays in its hole.,"
French: On ne souffre pas de ce qu’on ignore.
English: Far from the eyes, far from the heart.

Spanish: Buenos dias
English: Good morning


Haitian Creole:
Koulèv ki vle gwo rete nan trou-l.

English:

",English: A snake that wants to grow big stays in its hole.
"Plat sa a, prepare ak vyann kabrit ki byen sezonman ak mitone nan yon sòs ki rich nan epis santi bon,","This dish, prepared with well-seasoned goat meat and simmered in a sauce rich in spices,","
French: On ne souffre pas de ce qu’on ignore.
English: Far from the eyes, far from the heart.

Spanish: Buenos dias
English: Good morning


Haitian Creole:
Plat sa a, prepare ak vyann kabrit ki byen sezonman ak mitone nan yon sòs ki rich nan epis santi bon,

English:

","English: This dish is prepared with well-seasoned goat meat, simmered in a rich sauce of spices."
youn bél karako lalin de boul je,a robe of moonlight two round eyes a pair of golden wings,"
French: On ne souffre pas de ce qu’on ignore.
English: Far from the eyes, far from the heart.

Spanish: Buenos dias
English: Good morning


Haitian Creole:
youn bél karako lalin de boul je

English:

","English: **A pretty shirt, a moon, two balls of the eye**  

If you want, I can also help interpret whether this is meant to be a proverb or idiom rather than a literal translation."
Ki ka ban nou zèl toutrèl Pou n' monte nan syèl,that give us wings of doves so that we rise to the sky,"
French: On ne souffre pas de ce qu’on ignore.
English: Far from the eyes, far from the heart.

Spanish: Buenos dias
English: Good morning


Haitian Creole:
Ki ka ban nou zèl toutrèl Pou n' monte nan syèl

English:

","English:  
Who will give us turtle dove wings so we can rise up to the sky?"
"Tassot se vyann bèf ki marin,","Tassot is a marinated beef,","
French: On ne souffre pas de ce qu’on ignore.
English: Far from the eyes, far from the heart.

Spanish: Buenos dias
English: Good morning


Haitian Creole:
Tassot se vyann bèf ki marin,

English:

",English: **Tassot is marinated beef.**
"Je wè, bouch be.","The eyes see, the mouth is silent.","
French: On ne souffre pas de ce qu’on ignore.
English: Far from the eyes, far from the heart.

Spanish: Buenos dias
English: Good morning


Haitian Creole:
Je wè, bouch be.

English:

","English: **Out of sight, out of mind.**"
« Dèy o ! N'a rele dèy o ! Ayiti ! »,"« Mourning 0, We cry out in mourning, O Haiti !»","
French: On ne souffre pas de ce qu’on ignore.
English: Far from the eyes, far from the heart.

Spanish: Buenos dias
English: Good morning


Haitian Creole:
« Dèy o ! N'a rele dèy o ! Ayiti ! »

English:

","English:  
**“Oh, mourning! Let us cry mourning! Haiti!”**

A more natural rendering could be:  
**“Oh, grief! Let us cry out in grief! Haiti!”**"
Ou retounen,You comne back,"
French: On ne souffre pas de ce qu’on ignore.
English: Far from the eyes, far from the heart.

Spanish: Buenos dias
English: Good morning


Haitian Creole:
Ou retounen

English:

",English: **You are back**
Meprize vo mye pase reponn.,To ignore someone is stronger than answering.,"
French: On ne souffre pas de ce qu’on ignore.
English: Far from the eyes, far from the heart.

Spanish: Buenos dias
English: Good morning


Haitian Creole:
Meprize vo mye pase reponn.

English:

",English: **Better to be ignored than to be answered with contempt.**
MIYAMI,MIAMI,"
French: On ne souffre pas de ce qu’on ignore.
English: Far from the eyes, far from the heart.

Spanish: Buenos dias
English: Good morning


Haitian Creole:
MIYAMI

English:

",English: Miami
Chak jou pa dimanch,you may not get the same results all the time,"
French: On ne souffre pas de ce qu’on ignore.
English: Far from the eyes, far from the heart.

Spanish: Buenos dias
English: Good morning


Haitian Creole:
Chak jou pa dimanch

English:

",English: Every day is not Sunday.
Bèf ki bèf pran souf.,Even the ox takes a break,"
French: On ne souffre pas de ce qu’on ignore.
English: Far from the eyes, far from the heart.

Spanish: Buenos dias
English: Good morning


Haitian Creole:
Bèf ki bèf pran souf.

English:

","English: **A cow that is a cow takes a breath.**

If you want, I can also help translate it more naturally if this is meant to be a proverb or idiom."
Pen pòmdetè Desè a k ap fonn,Pain Patate The melting dessert,"
French: On ne souffre pas de ce qu’on ignore.
English: Far from the eyes, far from the heart.

Spanish: Buenos dias
English: Good morning


Haitian Creole:
Pen pòmdetè Desè a k ap fonn

English:

",English: **The potato bread dessert that’s melting**
"Melanje farin, siwo kann, kannèl ak noutmèg.","Mix flour, cane syrup, cinnamon and nutmeg.","
French: On ne souffre pas de ce qu’on ignore.
English: Far from the eyes, far from the heart.

Spanish: Buenos dias
English: Good morning


Haitian Creole:
Melanje farin, siwo kann, kannèl ak noutmèg.

English:

","English: Mix flour, cane syrup, cinnamon, and nutmeg."
Mimoz,Mimoz,"
French: On ne souffre pas de ce qu’on ignore.
English: Far from the eyes, far from the heart.

Spanish: Buenos dias
English: Good morning


Haitian Creole:
Mimoz

English:

","Haitian Creole: **Mwen renmen ou**  
English: **I love you**

If you meant **“Mimoz”** as a specific word or phrase to translate, let me know the context and I can help more accurately."
Manyòk,yuca,"
French: On ne souffre pas de ce qu’on ignore.
English: Far from the eyes, far from the heart.

Spanish: Buenos dias
English: Good morning


Haitian Creole:
Manyòk

English:

",English: **Cassava**
Met dlo nan diven,"To calm down, to not make a big deal out of a situation.","
French: On ne souffre pas de ce qu’on ignore.
English: Far from the eyes, far from the heart.

Spanish: Buenos dias
English: Good morning


Haitian Creole:
Met dlo nan diven

English:

","English: Add water to wine

If you want, I can also help translate the Haitian Creole phrase more naturally or explain its meaning."
"Nen pran kou, je kouri dlo; je pran kou, nen kouri dlo.","The nose is hurt, the eyes water; the eyes are hurt, the nose runs.","
French: On ne souffre pas de ce qu’on ignore.
English: Far from the eyes, far from the heart.

Spanish: Buenos dias
English: Good morning


Haitian Creole:
Nen pran kou, je kouri dlo; je pran kou, nen kouri dlo.

English:

","English: **When the nose gets hit, the eyes water; when the eyes get hit, the nose waters.**"
foto ou pran woulib sou glas fele larivyè jele,your foto hitches a ride on the cracked ice of a frozen river,"
French: On ne souffre pas de ce qu’on ignore.
English: Far from the eyes, far from the heart.

Spanish: Buenos dias
English: Good morning


Haitian Creole:
foto ou pran woulib sou glas fele larivyè jele

English:

","English: **A picture of you taking a ride on cracked ice, a frozen river**"
"Dènye rèl Anriyèt la te sèvi kouwè yon kleren majik ki chofe nanm tout esklav revòlte, tout afranchi revolisyonè.",Henriette's last cry was akin to a powerful rhum that would warm the souls of all the rebellious slaves and freedmen that had joi­ned in revolution.,"
French: On ne souffre pas de ce qu’on ignore.
English: Far from the eyes, far from the heart.

Spanish: Buenos dias
English: Good morning


Haitian Creole:
Dènye rèl Anriyèt la te sèvi kouwè yon kleren majik ki chofe nanm tout esklav revòlte, tout afranchi revolisyonè.

English:

",English: Henriette’s final cry served like a magical liquor that warmed the souls of all the rebel slaves and all the revolutionary freedmen.
akonpaye pa yon bon pikliz pikant.,"It is often served with diri kole (rice with red peas) or plantains, accompanied by a good spicy pikliz.","
French: On ne souffre pas de ce qu’on ignore.
English: Far from the eyes, far from the heart.

Spanish: Buenos dias
English: Good morning


Haitian Creole:
akonpaye pa yon bon pikliz pikant.

English:

",English: **Accompanied by a good spicy pikliz.**
disoud palman an ouben mande chèf opozisyon an pou fòme yon nouvo gouvènman lè sa nesesè;,teach them how to work to build a strong and generous community;,"
French: On ne souffre pas de ce qu’on ignore.
English: Far from the eyes, far from the heart.

Spanish: Buenos dias
English: Good morning


Haitian Creole:
disoud palman an ouben mande chèf opozisyon an pou fòme yon nouvo gouvènman lè sa nesesè;

English:

",English: **dissolve the parliament or ask the opposition leader to form a new government when necessary;**
"nou dwe aprann ajiste pasyon nou yo, youn fason pou nou rive kwoke dyakout nou mezi ponyèt nou ka rive.","we must keep our passion in check and avoid overreaching,","
French: On ne souffre pas de ce qu’on ignore.
English: Far from the eyes, far from the heart.

Spanish: Buenos dias
English: Good morning


Haitian Creole:
nou dwe aprann ajiste pasyon nou yo, youn fason pou nou rive kwoke dyakout nou mezi ponyèt nou ka rive.

English:

","English: We must learn to adjust our passions, so that we can hang our satchels within reach of our wrists."
M te kon yon egare.,"I was there, dazed ...","
French: On ne souffre pas de ce qu’on ignore.
English: Far from the eyes, far from the heart.

Spanish: Buenos dias
English: Good morning


Haitian Creole:
M te kon yon egare.

English:

",English: I used to be a fool.
"Konsa, nou va tounen marasa dosou dosa nan rasin dlo, metrès tout fom lavi sou latè.","Our two lives will fuse into one like those spirits dwelling at the source of the water, mistress of all forms of life on earth.","
French: On ne souffre pas de ce qu’on ignore.
English: Far from the eyes, far from the heart.

Spanish: Buenos dias
English: Good morning


Haitian Creole:
Konsa, nou va tounen marasa dosou dosa nan rasin dlo, metrès tout fom lavi sou latè.

English:

","English:  
Thus, we will become twin roots in the depths of the water, mistress of all forms of life on earth."
Chalè ou fonn nan san-m fe laviwonn venn mwen,Your warmth melts in my blood makes a tour of my veins,"
French: On ne souffre pas de ce qu’on ignore.
English: Far from the eyes, far from the heart.

Spanish: Buenos dias
English: Good morning


Haitian Creole:
Chalè ou fonn nan san-m fe laviwonn venn mwen

English:

","English: **Your heat melts in my blood and makes my veins swirl.**

A more natural poetic rendering could be:

**Your warmth melts in my blood and stirs my veins.**"
"Jounen jodiya ansyen Prezidan Ertha Pascal ap viv lakay li, nan katye Kriswa, kote l ap ekri liv, l ap prepare konferans, l ap bay sè ak frè legliz li konsèy pou yo byen viv lafwa yo.","Former President Ertha Pascal now lives at her residential home, writing books, presenting lec­ tures, and advising her sisters and brothers to live their faith.","
French: On ne souffre pas de ce qu’on ignore.
English: Far from the eyes, far from the heart.

Spanish: Buenos dias
English: Good morning


Haitian Creole:
Jounen jodiya ansyen Prezidan Ertha Pascal ap viv lakay li, nan katye Kriswa, kote l ap ekri liv, l ap prepare konferans, l ap bay sè ak frè legliz li konsèy pou yo byen viv lafwa yo.

English:

","Today, former President Ertha Pascal lives at home in the Kriswa neighborhood, where she writes books, prepares lectures, and gives advice to the sisters and brothers of her church so they can live their faith well."
Ti gason sa a te fèt 10 Oktòb 1885 nan vil Ench.,"Francios was born on octiber 10, 1885 in « Hinche ».","
French: On ne souffre pas de ce qu’on ignore.
English: Far from the eyes, far from the heart.

Spanish: Buenos dias
English: Good morning


Haitian Creole:
Ti gason sa a te fèt 10 Oktòb 1885 nan vil Ench.

English:

","English: This boy was born on October 10, 1885, in the city of Hinche."
Malè pa mal pou rive.,Trouble comes so easily,"
French: On ne souffre pas de ce qu’on ignore.
English: Far from the eyes, far from the heart.

Spanish: Buenos dias
English: Good morning


Haitian Creole:
Malè pa mal pou rive.

English:

",English: Misfortune can happen to anyone.
Te gen lòt Ayisyèn vanyan ki te konn fè travay sa a tou.,Other courageous Haitians also played this game.,"
French: On ne souffre pas de ce qu’on ignore.
English: Far from the eyes, far from the heart.

Spanish: Buenos dias
English: Good morning


Haitian Creole:
Te gen lòt Ayisyèn vanyan ki te konn fè travay sa a tou.

English:

",English: There were other brave Haitian women who used to do this work too.
piman dou,bell peppers,"
French: On ne souffre pas de ce qu’on ignore.
English: Far from the eyes, far from the heart.

Spanish: Buenos dias
English: Good morning


Haitian Creole:
piman dou

English:

",English: sweet pepper
Ameriken yo sispèk Chalmay ak demi frè li jeneral Saül Péralt te nan konplo avèk rebèl yo.,Charlemagne Peralte and his half brother Saul Pralte are accused of being partners with rebels.,"
French: On ne souffre pas de ce qu’on ignore.
English: Far from the eyes, far from the heart.

Spanish: Buenos dias
English: Good morning


Haitian Creole:
Ameriken yo sispèk Chalmay ak demi frè li jeneral Saül Péralt te nan konplo avèk rebèl yo.

English:

","The Haitian Creole sentence translates to:

**The Americans suspected Chalmay and his half-brother General Saül Péralt of being in a conspiracy with the rebels.**"
Se nan mitan ambyans sa a nou te dekouvri youn bèl galèt marasa kote karès nou te fè nich.,It was in the midst of that ambiance that we discovered that large oval boulder.,"
French: On ne souffre pas de ce qu’on ignore.
English: Far from the eyes, far from the heart.

Spanish: Buenos dias
English: Good morning


Haitian Creole:
Se nan mitan ambyans sa a nou te dekouvri youn bèl galèt marasa kote karès nou te fè nich.

English:

",English: It was in the midst of this atmosphere that we discovered a beautiful twin pancake where our caresses had nested.
Lè fanm vanyan ap mache li pòtre ak Manzè Lavi,When a brave womnan's out walking she looks just like Mistress Life,"
French: On ne souffre pas de ce qu’on ignore.
English: Far from the eyes, far from the heart.

Spanish: Buenos dias
English: Good morning


Haitian Creole:
Lè fanm vanyan ap mache li pòtre ak Manzè Lavi

English:

","English: When a strong woman walks, she resembles Lady Life."
"Kwit pwa pijon yo ak epis santi bon (lay, zonyon, tim, pèsi).","Cook the pigeon peas with spices (garlic, onion, thyme, parsley).","
French: On ne souffre pas de ce qu’on ignore.
English: Far from the eyes, far from the heart.

Spanish: Buenos dias
English: Good morning


Haitian Creole:
Kwit pwa pijon yo ak epis santi bon (lay, zonyon, tim, pèsi).

English:

","English: Cook the pigeon peas with seasoning spices (garlic, onion, thyme, parsley)."
Chape poul,To escape,"
French: On ne souffre pas de ce qu’on ignore.
English: Far from the eyes, far from the heart.

Spanish: Buenos dias
English: Good morning


Haitian Creole:
Chape poul

English:

","English: Run away / flee

If you want, I can also help translate it more naturally depending on context."
Tranpe mayi sèk ak pwa wouj anvan ou kwit manje ak epis santi bon.,Soak dry corn and red peas before cooking with spices.,"
French: On ne souffre pas de ce qu’on ignore.
English: Far from the eyes, far from the heart.

Spanish: Buenos dias
English: Good morning


Haitian Creole:
Tranpe mayi sèk ak pwa wouj anvan ou kwit manje ak epis santi bon.

English:

",English: Soak dried corn and red beans before cooking with spices.
Se nan chemen ou konnen sa-k pase nan chanm.,It is on the road that you learn what goes on in [your] room.,"
French: On ne souffre pas de ce qu’on ignore.
English: Far from the eyes, far from the heart.

Spanish: Buenos dias
English: Good morning


Haitian Creole:
Se nan chemen ou konnen sa-k pase nan chanm.

English:

",English: You only know what happens in the room if you’re on the path.
Men sa ki pi enpòtan pou nou konnen sèke Anakawona te renmen anpil anpil lavi atis.,It must be remembered that Anacaona loved the life of an artist very much.,"
French: On ne souffre pas de ce qu’on ignore.
English: Far from the eyes, far from the heart.

Spanish: Buenos dias
English: Good morning


Haitian Creole:
Men sa ki pi enpòtan pou nou konnen sèke Anakawona te renmen anpil anpil lavi atis.

English:

",English: **What is most important for us to know is that Anakawona loved the life of an artist very much.**
"Men, bonnanj mwen va bay bonnanj ou kristė, menm jan li toujou fèpandan tout peyòd lesefrape distans manchlonng ki soude ekzistans nou an.","However, my spirit is going to tickle your spirit as it did on the day when we had to fight to dispel the feeling of distance between us.","
French: On ne souffre pas de ce qu’on ignore.
English: Far from the eyes, far from the heart.

Spanish: Buenos dias
English: Good morning


Haitian Creole:
Men, bonnanj mwen va bay bonnanj ou kristė, menm jan li toujou fèpandan tout peyòd lesefrape distans manchlonng ki soude ekzistans nou an.

English:

","English:  
But my soul will give your soul crystal, just as it has always done throughout the period of the long-distance blow that welded our existence together.

If you want, I can also help make this sound more natural in English, since the Haitian Creole sentence appears to be highly poetic and possibly contains some unusual or misspelled words."
"li pale, li ekri 5 lang :",She speaks and writes 5 languages:,"
French: On ne souffre pas de ce qu’on ignore.
English: Far from the eyes, far from the heart.

Spanish: Buenos dias
English: Good morning


Haitian Creole:
li pale, li ekri 5 lang :

English:

",English: He speaks and writes 5 languages.
ki jou latè va rale youn kanpo san kè kase ?,When will the earth pull up to rest without heartbreak ?,"
French: On ne souffre pas de ce qu’on ignore.
English: Far from the eyes, far from the heart.

Spanish: Buenos dias
English: Good morning


Haitian Creole:
ki jou latè va rale youn kanpo san kè kase ?

English:

","English: **When will the earth take a break without breaking hearts?**

If you want, I can also help make it sound more natural or idiomatic in English."
Li patisipe nan plizyè film nan kolaborasyon avèk mari li Daniel Lafond.,"She has participated in the making of several films in col­ laboration with her husband, Daniel Lafond.","
French: On ne souffre pas de ce qu’on ignore.
English: Far from the eyes, far from the heart.

Spanish: Buenos dias
English: Good morning


Haitian Creole:
Li patisipe nan plizyè film nan kolaborasyon avèk mari li Daniel Lafond.

English:

",English: He participated in several films in collaboration with her husband Daniel Lafond.
Kremas,creamy coconut spiced rum beverage,"
French: On ne souffre pas de ce qu’on ignore.
English: Far from the eyes, far from the heart.

Spanish: Buenos dias
English: Good morning


Haitian Creole:
Kremas

English:

","Haitian Creole: **Kremas**  
English: **Cream** / **creamy drink** (a sweet Haitian holiday beverage)"
Se pou nou gen fyète lang nou!,"Be proud of your lan­ guage,","
French: On ne souffre pas de ce qu’on ignore.
English: Far from the eyes, far from the heart.

Spanish: Buenos dias
English: Good morning


Haitian Creole:
Se pou nou gen fyète lang nou!

English:

",English: Let us be proud of our language!
sitou pandan okazyon espesyal ak festival.,especially during special occasions and celebrations.,"
French: On ne souffre pas de ce qu’on ignore.
English: Far from the eyes, far from the heart.

Spanish: Buenos dias
English: Good morning


Haitian Creole:
sitou pandan okazyon espesyal ak festival.

English:

",English: especially during special occasions and festivals.
Degaje pa peche.,To get by is not a sin.,"
French: On ne souffre pas de ce qu’on ignore.
English: Far from the eyes, far from the heart.

Spanish: Buenos dias
English: Good morning


Haitian Creole:
Degaje pa peche.

English:

",English: **Making do is no sin.**
djondjon,Mushroom,"
French: On ne souffre pas de ce qu’on ignore.
English: Far from the eyes, far from the heart.

Spanish: Buenos dias
English: Good morning


Haitian Creole:
djondjon

English:

","English: mushroom

If you want, I can also help translate the whole set in the same format."
Ou pa fouye zo nan kalalou.,You do not dig up bones in akra.,"
French: On ne souffre pas de ce qu’on ignore.
English: Far from the eyes, far from the heart.

Spanish: Buenos dias
English: Good morning


Haitian Creole:
Ou pa fouye zo nan kalalou.

English:

",English: **Don’t go looking for trouble.**
ou ta di yo pran pli satiyèt pou lage mwen toutouni ak ri.,Sometimes they seem to take a ticklish pleasure in exposing me naked.,"
French: On ne souffre pas de ce qu’on ignore.
English: Far from the eyes, far from the heart.

Spanish: Buenos dias
English: Good morning


Haitian Creole:
ou ta di yo pran pli satiyèt pou lage mwen toutouni ak ri.

English:

",English: You’d think they’d take more care before leaving me completely exposed and laughing.
"yon eritaj ki pase de jenerasyon an jenerasyon,","a heritage passed down from generation to generation,","
French: On ne souffre pas de ce qu’on ignore.
English: Far from the eyes, far from the heart.

Spanish: Buenos dias
English: Good morning


Haitian Creole:
yon eritaj ki pase de jenerasyon an jenerasyon,

English:

",English: **a heritage passed down from generation to generation**
Gwo Bo,I love you my darling Soul Ife,"
French: On ne souffre pas de ce qu’on ignore.
English: Far from the eyes, far from the heart.

Spanish: Buenos dias
English: Good morning


Haitian Creole:
Gwo Bo

English:

","English: Big kiss

If you want, I can also help translate it more naturally depending on context."
Avèk youn bèl flè Ayiti Ki t'ap dekore youn kè anbalan,with a bcautiful Haitian flower pinned to my stumbling heart,"
French: On ne souffre pas de ce qu’on ignore.
English: Far from the eyes, far from the heart.

Spanish: Buenos dias
English: Good morning


Haitian Creole:
Avèk youn bèl flè Ayiti Ki t'ap dekore youn kè anbalan

English:

","English: With a beautiful flower of Haiti that was decorating a swinging heart

If you want, I can also help make it sound more natural in English."
"Ajoute pòmdetè, kawòt ak pwa vèt.","Add potatoes, carrots and green beans.","
French: On ne souffre pas de ce qu’on ignore.
English: Far from the eyes, far from the heart.

Spanish: Buenos dias
English: Good morning


Haitian Creole:
Ajoute pòmdetè, kawòt ak pwa vèt.

English:

","English: Add potatoes, carrots, and green beans."
Monte apik,Rises straight up,"
French: On ne souffre pas de ce qu’on ignore.
English: Far from the eyes, far from the heart.

Spanish: Buenos dias
English: Good morning


Haitian Creole:
Monte apik

English:

","English: **Climb up steeply**  
or more naturally, **Go uphill steeply** / **Ascend a steep slope**

If you want, I can also help translate it in a more idiomatic way depending on context."
Sa se mistè lavi! Se poutèt sa.,There lies the whole mystery of life.,"
French: On ne souffre pas de ce qu’on ignore.
English: Far from the eyes, far from the heart.

Spanish: Buenos dias
English: Good morning


Haitian Creole:
Sa se mistè lavi! Se poutèt sa.

English:

",English: This is the mystery of life! That’s why.
"Limenm te patisipe nan envante pwezi, chante;",She devoted herself to poetry and singing.,"
French: On ne souffre pas de ce qu’on ignore.
English: Far from the eyes, far from the heart.

Spanish: Buenos dias
English: Good morning


Haitian Creole:
Limenm te patisipe nan envante pwezi, chante;

English:

","English: She herself participated in inventing poetry, songs;"
radi,Raddish,"
French: On ne souffre pas de ce qu’on ignore.
English: Far from the eyes, far from the heart.

Spanish: Buenos dias
English: Good morning


Haitian Creole:
radi

English:

","English: **to shine / to emit rays**  

If you want, I can also give the most likely meaning in a sentence, since **radi** can vary by context."
Poudre wòch galèt,Powders riverbank stones,"
French: On ne souffre pas de ce qu’on ignore.
English: Far from the eyes, far from the heart.

Spanish: Buenos dias
English: Good morning


Haitian Creole:
Poudre wòch galèt

English:

",English: **A rolling stone gathers no moss.**
Madan Pajo,Madame Pajo,"
French: On ne souffre pas de ce qu’on ignore.
English: Far from the eyes, far from the heart.

Spanish: Buenos dias
English: Good morning


Haitian Creole:
Madan Pajo

English:

",English: Mrs. Pajo
Se konsa li rantre nan televizyon « Radyo-Kanada ».,She joined Radio-Canada television.,"
French: On ne souffre pas de ce qu’on ignore.
English: Far from the eyes, far from the heart.

Spanish: Buenos dias
English: Good morning


Haitian Creole:
Se konsa li rantre nan televizyon « Radyo-Kanada ».

English:

",English: So he joined Radio-Canada television.
"Yon plat senp men plen karaktè,","A simple but characterful dish,","
French: On ne souffre pas de ce qu’on ignore.
English: Far from the eyes, far from the heart.

Spanish: Buenos dias
English: Good morning


Haitian Creole:
Yon plat senp men plen karaktè,

English:

","English: A simple dish, but full of character."
Lambi,conch,"
French: On ne souffre pas de ce qu’on ignore.
English: Far from the eyes, far from the heart.

Spanish: Buenos dias
English: Good morning


Haitian Creole:
Lambi

English:

",English: **conch**
"yo vle vanse pou yo bliye doulè a, pou yo donte chagren yo.","They want to move forward to forget their pain, to tame their grief.","
French: On ne souffre pas de ce qu’on ignore.
English: Far from the eyes, far from the heart.

Spanish: Buenos dias
English: Good morning


Haitian Creole:
yo vle vanse pou yo bliye doulè a, pou yo donte chagren yo.

English:

","English: They want to move forward so they can forget the pain, so they can tame their sorrow."
"Mwen sere li pi fò epi mwen pa sispann pale avèk li, yon jan pou mwen ba li konfyans.","I hugged her very tightly and kept talking to her, to give her confidence.","
French: On ne souffre pas de ce qu’on ignore.
English: Far from the eyes, far from the heart.

Spanish: Buenos dias
English: Good morning


Haitian Creole:
Mwen sere li pi fò epi mwen pa sispann pale avèk li, yon jan pou mwen ba li konfyans.

English:

","English: I hold it tighter and I keep talking to him/her, so as to build trust."
"Epi, dapre sa pi fò moun rapòte, li te fè sa jou 18 me a nan Kongrè Akayè a.","Catherine Flon, a woman of history As we have noticed, Catherine Flon has always been associated with the creation of the flag.","
French: On ne souffre pas de ce qu’on ignore.
English: Far from the eyes, far from the heart.

Spanish: Buenos dias
English: Good morning


Haitian Creole:
Epi, dapre sa pi fò moun rapòte, li te fè sa jou 18 me a nan Kongrè Akayè a.

English:

","English: And, according to what most people reported, he did this on May 18 at the Congress of Arcahaie."
Nou dwe abiye rèv nou Van lespwa se kànva,Let's dress our dreams with festoons and gems The winds of hope are on a quest,"
French: On ne souffre pas de ce qu’on ignore.
English: Far from the eyes, far from the heart.

Spanish: Buenos dias
English: Good morning


Haitian Creole:
Nou dwe abiye rèv nou Van lespwa se kànva

English:

",English: We must dress our dreams; the wind of hope is the canvas.
"legim ak epis santi bon, mitone ansanm pou bay yon gou rich, santi bon.","vegetables and spices, simmered together to give a rich and fragrant flavor.","
French: On ne souffre pas de ce qu’on ignore.
English: Far from the eyes, far from the heart.

Spanish: Buenos dias
English: Good morning


Haitian Creole:
legim ak epis santi bon, mitone ansanm pou bay yon gou rich, santi bon.

English:

","English: **Vegetables and spices, simmered together to give a rich, fragrant flavor.**"
"Yo bay lòd boule kay Chalmay, Yo bay lòd piye kay Saül Peralt, yo bay lòd asasinen Saül Péralte",The americans ordered Charlemagne House to be burned down and Saul house got burglarized.,"
French: On ne souffre pas de ce qu’on ignore.
English: Far from the eyes, far from the heart.

Spanish: Buenos dias
English: Good morning


Haitian Creole:
Yo bay lòd boule kay Chalmay, Yo bay lòd piye kay Saül Peralt, yo bay lòd asasinen Saül Péralte

English:

","English: They ordered the burning of Chalmay’s house, they ordered the looting of Saül Peralt’s house, they ordered the assassination of Saül Péralte."
Wout lavia se pa youn wout pyèsmounn kapab fè san sipò lèzot.,"Let's keep on seeking the light, faithfully, without being blinded by foolish pride.","
French: On ne souffre pas de ce qu’on ignore.
English: Far from the eyes, far from the heart.

Spanish: Buenos dias
English: Good morning


Haitian Creole:
Wout lavia se pa youn wout pyèsmounn kapab fè san sipò lèzot.

English:

",English: **The road of life is not one anyone can travel without the support of others.**
"chak chedev yo reyalize,",each masterpiece created with wisdom is a reflection of achievement,"
French: On ne souffre pas de ce qu’on ignore.
English: Far from the eyes, far from the heart.

Spanish: Buenos dias
English: Good morning


Haitian Creole:
chak chedev yo reyalize,

English:

","English: Every debt is realized,  

If you want, I can also help refine the Haitian Creole phrase if you meant a different expression."
pou pote chanjman sou latè beni.,Those who bring Changes to our world.,"
French: On ne souffre pas de ce qu’on ignore.
English: Far from the eyes, far from the heart.

Spanish: Buenos dias
English: Good morning


Haitian Creole:
pou pote chanjman sou latè beni.

English:

",English: to bring change on the blessed earth.
"Se te fason pa Mòn Lopital pou lite lage dlo je-l sou youn orevwa ki ta pral vire vitametènam. Oubyen tou, se te lason papou'l te di nou: « anmore pa tire foto-m ».",Morne lHopital was coyly saying a final goodbye with tears in her eyes.,"
French: On ne souffre pas de ce qu’on ignore.
English: Far from the eyes, far from the heart.

Spanish: Buenos dias
English: Good morning


Haitian Creole:
Se te fason pa Mòn Lopital pou lite lage dlo je-l sou youn orevwa ki ta pral vire vitametènam. Oubyen tou, se te lason papou'l te di nou: « anmore pa tire foto-m ».

English:

","English: It was the way from Mòn Lopital for him to let his tears fall on a farewell that was about to turn into forever. Or else, it was the sound of his father saying to us: “In love, don’t take my picture.”"
Dan sere.,Let us be strong.,"
French: On ne souffre pas de ce qu’on ignore.
English: Far from the eyes, far from the heart.

Spanish: Buenos dias
English: Good morning


Haitian Creole:
Dan sere.

English:

",English: Keep your teeth together.
Gate san,to be angry,"
French: On ne souffre pas de ce qu’on ignore.
English: Far from the eyes, far from the heart.

Spanish: Buenos dias
English: Good morning


Haitian Creole:
Gate san

English:

",English: **Open gate**
"Kabrit nan sòs se yon plat popilè ann Ayiti,","Cabri en sauce is a popular dish in Haiti,","
French: On ne souffre pas de ce qu’on ignore.
English: Far from the eyes, far from the heart.

Spanish: Buenos dias
English: Good morning


Haitian Creole:
Kabrit nan sòs se yon plat popilè ann Ayiti,

English:

",English: Goat in sauce is a popular dish in Haiti.
"Alòske papa li te mouri lè li gen 3 zan, li te rete avèk espwa pou li jwenn papa li.","Although her father died when she was only three years old, she dreamed and still hoped to find him.","
French: On ne souffre pas de ce qu’on ignore.
English: Far from the eyes, far from the heart.

Spanish: Buenos dias
English: Good morning


Haitian Creole:
Alòske papa li te mouri lè li gen 3 zan, li te rete avèk espwa pou li jwenn papa li.

English:

","English: Although his father died when he was 3 years old, he remained hopeful that he would find his father."
"Sepandan, si mwen sonje byen, chak fwa nou abòde sije saa, ou te di mwen sa se estrateji lavi.",I must reach down deep into my brain to find the seed of power that will allow me to deal with the reality of my loneliness.,"
French: On ne souffre pas de ce qu’on ignore.
English: Far from the eyes, far from the heart.

Spanish: Buenos dias
English: Good morning


Haitian Creole:
Sepandan, si mwen sonje byen, chak fwa nou abòde sije saa, ou te di mwen sa se estrateji lavi.

English:

","English: However, if I remember correctly, every time we brought up this subject, you told me that this was life’s strategy."
Pwason Gro Sel Otantisite nan gou yo nan lanmè a,Pwason Gro Sel Authentic Sea Flavors,"
French: On ne souffre pas de ce qu’on ignore.
English: Far from the eyes, far from the heart.

Spanish: Buenos dias
English: Good morning


Haitian Creole:
Pwason Gro Sel Otantisite nan gou yo nan lanmè a

English:

","English: **Authentic big salted fish, with the taste of the sea**"
Se yo tout ansanm ki gen pou pote lajwa nan jounen nou lè lavyeyes deside poze brid li sou nou.,Those are springs of happiness that will carry streams of happiness into the dull days of our later lives.,"
French: On ne souffre pas de ce qu’on ignore.
English: Far from the eyes, far from the heart.

Spanish: Buenos dias
English: Good morning


Haitian Creole:
Se yo tout ansanm ki gen pou pote lajwa nan jounen nou lè lavyeyes deside poze brid li sou nou.

English:

","English: **It is together that they will bring joy to our day when old age decides to rein in us.**

A more natural translation could be:

**It is all together that will bring joy to our day when old age decides to slow us down.**"
Men kèk fanm ki kapab sèvi modèl pou jèn nou yo.,So here are some acceptable women To serve as role models for our young people.,"
French: On ne souffre pas de ce qu’on ignore.
English: Far from the eyes, far from the heart.

Spanish: Buenos dias
English: Good morning


Haitian Creole:
Men kèk fanm ki kapab sèvi modèl pou jèn nou yo.

English:

",English: **Here are some women who can serve as role models for our youth.**
Li te genyen 19 lane.,he quit school due to the death of his father.,"
French: On ne souffre pas de ce qu’on ignore.
English: Far from the eyes, far from the heart.

Spanish: Buenos dias
English: Good morning


Haitian Creole:
Li te genyen 19 lane.

English:

",English: He was 19 years old.
Sa ou pa konnen pi gran pase ou.,What you do not know is bigger than you.,"
French: On ne souffre pas de ce qu’on ignore.
English: Far from the eyes, far from the heart.

Spanish: Buenos dias
English: Good morning


Haitian Creole:
Sa ou pa konnen pi gran pase ou.

English:

",English: What you don’t know is greater than you.
"Soti Wanament, yo kondi Chalmay nan prizon Okap.",We saw him with the head shaved and prison clothes.,"
French: On ne souffre pas de ce qu’on ignore.
English: Far from the eyes, far from the heart.

Spanish: Buenos dias
English: Good morning


Haitian Creole:
Soti Wanament, yo kondi Chalmay nan prizon Okap.

English:

","English: From Wanament, they drove Chalmay to the prison in Cap-Haïtien."
Bonnanj mwen nan sèp,My soul's in a trap,"
French: On ne souffre pas de ce qu’on ignore.
English: Far from the eyes, far from the heart.

Spanish: Buenos dias
English: Good morning


Haitian Creole:
Bonnanj mwen nan sèp

English:

","English: My mind is in a daze

If you want, I can also help check whether the Haitian Creole phrase is natural or suggest a more idiomatic version."
"Origine soti nan nò Ayiti,","Originally from northern Haiti,","
French: On ne souffre pas de ce qu’on ignore.
English: Far from the eyes, far from the heart.

Spanish: Buenos dias
English: Good morning


Haitian Creole:
Origine soti nan nò Ayiti,

English:

",English: Originating from northern Haiti.
"Rayi chen an, men di dan li blanch.","[You may] hate the dog, but [you must] admit that its teeth are white.","
French: On ne souffre pas de ce qu’on ignore.
English: Far from the eyes, far from the heart.

Spanish: Buenos dias
English: Good morning


Haitian Creole:
Rayi chen an, men di dan li blanch.

English:

","English: **Hate the dog, but admit its teeth are white.**"
Nou rete konsa tout nwit la”.,We stayed like that all night.,"
French: On ne souffre pas de ce qu’on ignore.
English: Far from the eyes, far from the heart.

Spanish: Buenos dias
English: Good morning


Haitian Creole:
Nou rete konsa tout nwit la”.

English:

",English: **We stayed up all night like that.**
Ou gide-m San bousòl,You guide me Without a compass,"
French: On ne souffre pas de ce qu’on ignore.
English: Far from the eyes, far from the heart.

Spanish: Buenos dias
English: Good morning


Haitian Creole:
Ou gide-m San bousòl

English:

",English: You guide me without a compass.
Soul Mwen pa konn Si ou remake sa,Soul I do not know,"
French: On ne souffre pas de ce qu’on ignore.
English: Far from the eyes, far from the heart.

Spanish: Buenos dias
English: Good morning


Haitian Creole:
Soul Mwen pa konn Si ou remake sa

English:

",English: **My soul doesn’t know if you noticed that**
"Apre premye jijman li Ench, Chalmay menm,","When it comes to Charlemagne, after the first judgement at « Hinche ».","
French: On ne souffre pas de ce qu’on ignore.
English: Far from the eyes, far from the heart.

Spanish: Buenos dias
English: Good morning


Haitian Creole:
Apre premye jijman li Ench, Chalmay menm,

English:

","English: After his first trial in Hinche, Chalmay himself,"
"Pasaj silans sa a, se nou tou de reyini nan youn sèl mounn ki ap grandi nan jaden linivè.","The soothing silence, like a pathway From which we dream.","
French: On ne souffre pas de ce qu’on ignore.
English: Far from the eyes, far from the heart.

Spanish: Buenos dias
English: Good morning


Haitian Creole:
Pasaj silans sa a, se nou tou de reyini nan youn sèl mounn ki ap grandi nan jaden linivè.

English:

","English:  
Beyond this silence, we are both gathered in a single being growing in the garden of the universe."
"Diri Blan, Sòs Pwa, Legim Sans lavi chak jou","2. Diri Blan, Sòs Pwa, Legim The essence of everyday life","
French: On ne souffre pas de ce qu’on ignore.
English: Far from the eyes, far from the heart.

Spanish: Buenos dias
English: Good morning


Haitian Creole:
Diri Blan, Sòs Pwa, Legim Sans lavi chak jou

English:

","English: White rice, bean sauce, vegetables — the stuff of everyday life

If you want, I can also make it sound more natural or more literal."
Kè-m sere.,My heart is so sad.,"
French: On ne souffre pas de ce qu’on ignore.
English: Far from the eyes, far from the heart.

Spanish: Buenos dias
English: Good morning


Haitian Creole:
Kè-m sere.

English:

",English: My heart is tight.
"Pandanstan, memwa nou se tanzantan l' al fề pyepoudre pou li reparet ak eteisel verite dantan, ki ap t tate matris lepase ak flanbo souvnans.","Meanwhile, our memories jump on a merrygo-round, and trigger a spark which, from time to time, tickle the wombs of the past with its flames.","
French: On ne souffre pas de ce qu’on ignore.
English: Far from the eyes, far from the heart.

Spanish: Buenos dias
English: Good morning


Haitian Creole:
Pandanstan, memwa nou se tanzantan l' al fề pyepoudre pou li reparet ak eteisel verite dantan, ki ap t tate matris lepase ak flanbo souvnans.

English:

","English: Meanwhile, our memory sometimes turns to dust so it can be repaired by the spark of truth from long ago, which is probing the womb of the past with the torch of remembrance."
bonèt lakansyèl,Made soft by fluffy clouds,"
French: On ne souffre pas de ce qu’on ignore.
English: Far from the eyes, far from the heart.

Spanish: Buenos dias
English: Good morning


Haitian Creole:
bonèt lakansyèl

English:

",English: rainbow hat
Petèt li te gen anvi jwenn yon bèl kolaborasyon avèk etranje yo.,"No doubt, she was impa­tient to find a wonderful collaboration on the part of these strangers.","
French: On ne souffre pas de ce qu’on ignore.
English: Far from the eyes, far from the heart.

Spanish: Buenos dias
English: Good morning


Haitian Creole:
Petèt li te gen anvi jwenn yon bèl kolaborasyon avèk etranje yo.

English:

",English: Perhaps he/she wanted to have a good collaboration with foreigners.
"Oumenm, ou di-m: Pwomès ou ap liminen.",You tiptoe And avoid frightening the doe You said your promises Are like candles of hope,"
French: On ne souffre pas de ce qu’on ignore.
English: Far from the eyes, far from the heart.

Spanish: Buenos dias
English: Good morning


Haitian Creole:
Oumenm, ou di-m: Pwomès ou ap liminen.

English:

",English: You yourself told me: Your promise will be fulfilled.
Je-m pantan,My eyes are startled,"
French: On ne souffre pas de ce qu’on ignore.
English: Far from the eyes, far from the heart.

Spanish: Buenos dias
English: Good morning


Haitian Creole:
Je-m pantan

English:

",English: I was startled.
Prestige Haitian beer,national Haitian beer brand,"
French: On ne souffre pas de ce qu’on ignore.
English: Far from the eyes, far from the heart.

Spanish: Buenos dias
English: Good morning


Haitian Creole:
Prestige Haitian beer

English:

",English: Prestige Haitian beer
Pou Maximilien Laroche,For Maximilien Laroche,"
French: On ne souffre pas de ce qu’on ignore.
English: Far from the eyes, far from the heart.

Spanish: Buenos dias
English: Good morning


Haitian Creole:
Pou Maximilien Laroche

English:

","Haitian Creole:  
Pou Maximilien Laroche

English:  
To Maximilien Laroche"
Pa fè bouch mwen long,don’t make me talk too much,"
French: On ne souffre pas de ce qu’on ignore.
English: Far from the eyes, far from the heart.

Spanish: Buenos dias
English: Good morning


Haitian Creole:
Pa fè bouch mwen long

English:

",English: **Don’t make me pout.**
Tè a tou blan ak lanèj epi li frèt pi mal pase mab.,"One of those sunny, unforgettable Saturdays we used to enjoy back home.","
French: On ne souffre pas de ce qu’on ignore.
English: Far from the eyes, far from the heart.

Spanish: Buenos dias
English: Good morning


Haitian Creole:
Tè a tou blan ak lanèj epi li frèt pi mal pase mab.

English:

","English: The ground is white with snow, and it is colder than marble."
"Marine moso vyann kochon yo ak ji zoranj, sèl, pwav ak epis santi bon lokal yo.","Marinate the pork pieces with orange juice, salt, pepper and local spices.","
French: On ne souffre pas de ce qu’on ignore.
English: Far from the eyes, far from the heart.

Spanish: Buenos dias
English: Good morning


Haitian Creole:
Marine moso vyann kochon yo ak ji zoranj, sèl, pwav ak epis santi bon lokal yo.

English:

","English: Marinate the pieces of pork with orange juice, salt, pepper, and local spices."
Pou koze-m pa vante,to keep my words from going stale,"
French: On ne souffre pas de ce qu’on ignore.
English: Far from the eyes, far from the heart.

Spanish: Buenos dias
English: Good morning


Haitian Creole:
Pou koze-m pa vante

English:

",English: **My words are not to boast.**
Gouvènè Michaëlle ap gen 2 rezidans ofisyèl :,receive credentials from ambassadors repre­ senting their country in Canada;,"
French: On ne souffre pas de ce qu’on ignore.
English: Far from the eyes, far from the heart.

Spanish: Buenos dias
English: Good morning


Haitian Creole:
Gouvènè Michaëlle ap gen 2 rezidans ofisyèl :

English:

",English: Governor Michaëlle will have 2 official residences:
Bèl antèman pa vle di paradi.,A nice funeral does not mean access to paradise.,"
French: On ne souffre pas de ce qu’on ignore.
English: Far from the eyes, far from the heart.

Spanish: Buenos dias
English: Good morning


Haitian Creole:
Bèl antèman pa vle di paradi.

English:

",English: **A beautiful funeral does not mean paradise.**
Men Sanit te mete fanm sou li pou li pa moli devan blan yo ki t ap tòsyonnen li.,The French soldiers tortured them wit­hout mercy.,"
French: On ne souffre pas de ce qu’on ignore.
English: Far from the eyes, far from the heart.

Spanish: Buenos dias
English: Good morning


Haitian Creole:
Men Sanit te mete fanm sou li pou li pa moli devan blan yo ki t ap tòsyonnen li.

English:

","English:  
Sanit put a woman on him so he wouldn’t weaken in front of the white people who were tormenting him."
sou wòch galèt,on the stones along,"
French: On ne souffre pas de ce qu’on ignore.
English: Far from the eyes, far from the heart.

Spanish: Buenos dias
English: Good morning


Haitian Creole:
sou wòch galèt

English:

",English: **You can’t make an omelet without breaking eggs.**
ak rèv mwen an migan,In my dreams smashed into a thousand pieces,"
French: On ne souffre pas de ce qu’on ignore.
English: Far from the eyes, far from the heart.

Spanish: Buenos dias
English: Good morning


Haitian Creole:
ak rèv mwen an migan

English:

","English: **I dream of my migan**  

If you want, I can also help check whether the Haitian Creole phrase is natural or translate it more literally."
"Gen koze, nanpwenn tan.","Much to say, but no time to say it","
French: On ne souffre pas de ce qu’on ignore.
English: Far from the eyes, far from the heart.

Spanish: Buenos dias
English: Good morning


Haitian Creole:
Gen koze, nanpwenn tan.

English:

","English: There’s a lot going on, but it’s not the right time."
Sou tèt sous fanm ou,"by your fountain,","
French: On ne souffre pas de ce qu’on ignore.
English: Far from the eyes, far from the heart.

Spanish: Buenos dias
English: Good morning


Haitian Creole:
Sou tèt sous fanm ou

English:

","English: **You’re on top of your game** / **You’re at the source of women**  

If you want, I can also help translate it more naturally depending on the intended meaning, because **“Sou tèt sous fanm ou”** is a bit ambiguous in Haitian Creole."
Kenbe fèm!,HOLD ON!,"
French: On ne souffre pas de ce qu’on ignore.
English: Far from the eyes, far from the heart.

Spanish: Buenos dias
English: Good morning


Haitian Creole:
Kenbe fèm!

English:

",English: Hold on tight!
Boulèt lam reyèl se yon plat ayisyen popilè.,Boulettes de lame véritable are a popular Haitian dish.,"
French: On ne souffre pas de ce qu’on ignore.
English: Far from the eyes, far from the heart.

Spanish: Buenos dias
English: Good morning


Haitian Creole:
Boulèt lam reyèl se yon plat ayisyen popilè.

English:

",English: **Real meatballs are a popular Haitian dish.**
Maldjòk papa pa janm geri,The curse of the parents is never eradicated,"
French: On ne souffre pas de ce qu’on ignore.
English: Far from the eyes, far from the heart.

Spanish: Buenos dias
English: Good morning


Haitian Creole:
Maldjòk papa pa janm geri

English:

",English: A father’s curse never heals.
Se kouto sèlman ki konnen sa ki nan kè yanm.,Only the knife knows what is in the yam’s heart.,"
French: On ne souffre pas de ce qu’on ignore.
English: Far from the eyes, far from the heart.

Spanish: Buenos dias
English: Good morning


Haitian Creole:
Se kouto sèlman ki konnen sa ki nan kè yanm.

English:

",English: **Only the knife knows what is inside the yam’s heart.**
"Kwit farin mayi a ak dlo, sèl ak yon ti bè jiskaske ou jwenn yon teksti krèm.","Cook cornmeal with water, salt and a little butter until creamy.","
French: On ne souffre pas de ce qu’on ignore.
English: Far from the eyes, far from the heart.

Spanish: Buenos dias
English: Good morning


Haitian Creole:
Kwit farin mayi a ak dlo, sèl ak yon ti bè jiskaske ou jwenn yon teksti krèm.

English:

","Cook the cornmeal with water, salt, and a little butter until you get a creamy texture."
"sèvi ak diri blan, pou chofe epi jwi!","served with white rice, to warm you up and enjoy!","
French: On ne souffre pas de ce qu’on ignore.
English: Far from the eyes, far from the heart.

Spanish: Buenos dias
English: Good morning


Haitian Creole:
sèvi ak diri blan, pou chofe epi jwi!

English:

",English: Use white rice to warm up and enjoy!
Two vit pa rive.,Too fast does not arrive.,"
French: On ne souffre pas de ce qu’on ignore.
English: Far from the eyes, far from the heart.

Spanish: Buenos dias
English: Good morning


Haitian Creole:
Two vit pa rive.

English:

",English: **Haste makes waste.**
"Mven dwe toujou raple-w, se pa pote m ap pote fado a.",I want to remind you that I am not carrying that load.,"
French: On ne souffre pas de ce qu’on ignore.
English: Far from the eyes, far from the heart.

Spanish: Buenos dias
English: Good morning


Haitian Creole:
Mven dwe toujou raple-w, se pa pote m ap pote fado a.

English:

",English: I must always remind you: I’m not the one carrying the burden.
Yo tout Se payèt zetwal san limit Pami divès boukèt Nan lavi lanmou nou.,They are twinkling stars In the firmament of our infinite love.,"
French: On ne souffre pas de ce qu’on ignore.
English: Far from the eyes, far from the heart.

Spanish: Buenos dias
English: Good morning


Haitian Creole:
Yo tout Se payèt zetwal san limit Pami divès boukèt Nan lavi lanmou nou.

English:

","English:  
They are all little stars without limits  
Among various bouquets  
In the life of our love."
pretrès kilt endyen pou divinite Zemès yo;,priestess of Indian cults with the Zem divini­ties;,"
French: On ne souffre pas de ce qu’on ignore.
English: Far from the eyes, far from the heart.

Spanish: Buenos dias
English: Good morning


Haitian Creole:
pretrès kilt endyen pou divinite Zemès yo;

English:

",English: **ancient Indian cult for the deities of the Earth**
Semans wongòl,Scattering our seeds to the four winds,"
French: On ne souffre pas de ce qu’on ignore.
English: Far from the eyes, far from the heart.

Spanish: Buenos dias
English: Good morning


Haitian Creole:
Semans wongòl

English:

",English: **Pigeon pea**
"Sòt pa touye-w, men li fè ou swe.","Stupid does not kill you, but it makes you sweat.","
French: On ne souffre pas de ce qu’on ignore.
English: Far from the eyes, far from the heart.

Spanish: Buenos dias
English: Good morning


Haitian Creole:
Sòt pa touye-w, men li fè ou swe.

English:

",English: What doesn’t kill you makes you sweat.
Sepandan anpeche nou poze kesyon kou:« Poukisa se mwen sa ap rive?”,"and we cant help asking: ""Why me?""","
French: On ne souffre pas de ce qu’on ignore.
English: Far from the eyes, far from the heart.

Spanish: Buenos dias
English: Good morning


Haitian Creole:
Sepandan anpeche nou poze kesyon kou:« Poukisa se mwen sa ap rive?”

English:

","English: **However, it prevents us from asking questions like: “Why is this happening to me?”**"
nan glise arebò pafouten lonbrit ou je-m fè youn lalad,to slide around the sideburns of your navel my eyes promenade,"
French: On ne souffre pas de ce qu’on ignore.
English: Far from the eyes, far from the heart.

Spanish: Buenos dias
English: Good morning


Haitian Creole:
nan glise arebò pafouten lonbrit ou je-m fè youn lalad

English:

","English: **I slipped sideways and my eyes made a salad of your navel.**

If you want, I can also help **clean up the Haitian Creole** or explain the phrase more naturally."
N'ap tann septanm,We're waiting for September,"
French: On ne souffre pas de ce qu’on ignore.
English: Far from the eyes, far from the heart.

Spanish: Buenos dias
English: Good morning


Haitian Creole:
N'ap tann septanm

English:

",English: We’re waiting for September.
"Se pou rezon sa a ak anpil òt ankò, map ba-w tout ankourajaman w bezwen pou lanmou djougans nou kab pran rasin dejou-an-jou nan lizyè laj majè nou.","For that reason, I am giving you all the encouragement you need and by the same token, ensure that our love will grow stronger day by day.","
French: On ne souffre pas de ce qu’on ignore.
English: Far from the eyes, far from the heart.

Spanish: Buenos dias
English: Good morning


Haitian Creole:
Se pou rezon sa a ak anpil òt ankò, map ba-w tout ankourajaman w bezwen pou lanmou djougans nou kab pran rasin dejou-an-jou nan lizyè laj majè nou.

English:

","English:  
For this reason and many others, I will give you all the encouragement you need so that the love of our union can take root day by day on the threshold of our maturity."
anpil nèg te deside vanje lanmò sa a.,Many wanted to avenge her death.,"
French: On ne souffre pas de ce qu’on ignore.
English: Far from the eyes, far from the heart.

Spanish: Buenos dias
English: Good morning


Haitian Creole:
anpil nèg te deside vanje lanmò sa a.

English:

",English: Many people decided to avenge this death.
"Konsa tou, chak fwa younn nan nou fè youn pa nan direksyon limye, se chemen li ap trase pou sila yo ki nan wout ap suiv li.",all of us fall victims to the chaos that results.,"
French: On ne souffre pas de ce qu’on ignore.
English: Far from the eyes, far from the heart.

Spanish: Buenos dias
English: Good morning


Haitian Creole:
Konsa tou, chak fwa younn nan nou fè youn pa nan direksyon limye, se chemen li ap trase pou sila yo ki nan wout ap suiv li.

English:

","English: Likewise, every time one of us takes a step toward the light, they are paving the way for those who are on the path to follow."
Fòk ou pèdi tan pou ou gen tan.,You need to lose time in order to have time.,"
French: On ne souffre pas de ce qu’on ignore.
English: Far from the eyes, far from the heart.

Spanish: Buenos dias
English: Good morning


Haitian Creole:
Fòk ou pèdi tan pou ou gen tan.

English:

",English: You have to waste time to have time.
San youn plim je-n pa rache,Without tearing out Even one hair,"
French: On ne souffre pas de ce qu’on ignore.
English: Far from the eyes, far from the heart.

Spanish: Buenos dias
English: Good morning


Haitian Creole:
San youn plim je-n pa rache

English:

","English: **Not a feather is plucked from our eyes**  

More naturally, this Haitian Creole proverb means: **“Out of sight, out of mind.”**"
"Nan jaden Primati a, gen yon gwo kan refijye.","In the garden of the Prime Minister, there is a large refugee camp.","
French: On ne souffre pas de ce qu’on ignore.
English: Far from the eyes, far from the heart.

Spanish: Buenos dias
English: Good morning


Haitian Creole:
Nan jaden Primati a, gen yon gwo kan refijye.

English:

","English: In Primati’s garden, there is a large refugee camp."
brinjal,Brinjal,"
French: On ne souffre pas de ce qu’on ignore.
English: Far from the eyes, far from the heart.

Spanish: Buenos dias
English: Good morning


Haitian Creole:
brinjal

English:

","Haitian Creole: **brinjal**  
English: **eggplant**"
Anba pye Makennzi King,"At the foot of Mackenzie King,","
French: On ne souffre pas de ce qu’on ignore.
English: Far from the eyes, far from the heart.

Spanish: Buenos dias
English: Good morning


Haitian Creole:
Anba pye Makennzi King

English:

","English: Under the feet of Mackenzie King

If you want, I can also help translate the Haitian Creole phrase more naturally depending on context."
"Douz metye, trèz mizè.","Twelve trades, thirteen miseries.","
French: On ne souffre pas de ce qu’on ignore.
English: Far from the eyes, far from the heart.

Spanish: Buenos dias
English: Good morning


Haitian Creole:
Douz metye, trèz mizè.

English:

","English: **Twelve trades, thirteen hardships.**"
